B,7
r,0,0,13.058154,13.225846,0,0
r,1,0,10.990769,35.851078,0,0
r,2,0,11.034769,55.880306,0,0
r,3,0,10.966769,74.904617,0,0
r,0,1,9.016308,9.072923,0,0
r,1,1,9.003077,25.336615,0,0
r,2,1,9.006461,41.661232,0,0
r,3,1,9.012615,58.302460,0,0
r,4,0,10.304308,76.114464,0,0
r,0,2,8.936615,8.993231,0,0
r,1,2,8.975693,25.312307,0,0
r,2,2,9.018461,42.080307,0,0
r,3,2,8.956307,58.354153,0,0
r,4,1,8.958462,74.916924,0,0
r,5,0,10.116615,92.847382,0,0
r,0,3,9.064308,9.182462,0,0
r,1,3,8.999692,25.746155,0,0
r,2,3,9.016923,42.344616,0,0
r,3,3,8.985847,59.180000,0,0
r,4,2,8.966461,75.367386,0,0
r,5,1,8.988615,92.271690,0,0
t,0
r,1,4,8.891385,37.546768,0,0
r,2,4,9.019077,54.958462,0,0
r,3,4,9.015077,71.337234,0,0
r,4,3,8.988923,88.257843,0,0
r,0,4,10.237846,10.356000,0,2
r,1,5,9.033846,27.743999,0,0
r,2,5,9.000308,44.525230,0,0
r,3,5,9.018769,61.178768,0,0
r,4,4,8.968307,77.749229,0,0
r,5,2,8.989538,94.739693,0,0
r,0,5,9.021539,9.139692,0,2
r,1,6,9.003077,25.655693,0,0
r,2,6,9.002461,42.085846,0,0
r,3,6,9.010462,58.855999,0,0
r,4,5,8.992000,75.259079,0,0
r,5,3,8.970769,91.899689,0,0
t,0
r,0,6,8.984307,29.796309,1,3
r,1,7,9.004000,46.750771,0,0
r,2,7,9.014770,62.783077,0,0
r,3,7,8.988000,79.700310,0,0
r,0,7,8.896923,8.953539,0,3
r,1,8,9.027077,25.728924,0,0
r,2,8,9.031693,42.060001,0,0
r,3,8,9.008307,58.690769,0,0
r,4,6,10.129847,76.162766,0,0
r,5,4,8.989538,93.426460,0,0
chkState = 4, hence failing
t,0
r,0,8,9.653846,30.344616,1,4
r,1,9,9.002461,47.358463,0,0
r,2,9,9.015077,63.849232,0,0
r,0,9,8.928616,8.985230,0,4
r,1,10,8.980000,25.372000,0,0
r,2,10,9.138769,42.562462,0,0
r,3,10,9.062154,59.673229,0,0
r,4,7,9.009231,76.610458,0,0
r,5,5,8.967077,93.082771,0,0
r,0,10,9.171385,9.314154,0,4
r,1,11,9.051077,26.300308,0,0
r,2,11,9.131385,43.248615,0,0
r,3,11,9.031384,60.251694,0,0
r,4,8,8.995692,77.190460,0,0
r,5,6,8.992616,93.872307,0,0
r,0,11,9.135385,9.262154,0,4
r,1,12,9.052308,26.074461,0,0
r,2,12,9.130462,42.995998,0,0
r,3,12,9.024307,59.913540,0,0
r,4,9,8.993231,76.880615,0,0
r,5,7,8.993846,93.451080,0,0
r,0,12,9.114154,9.241538,0,4
r,1,13,9.051385,26.169231,0,0
r,2,13,9.133538,43.557537,0,0
r,3,13,9.031384,60.720615,0,0
r,4,10,9.023077,77.700615,0,0
r,5,8,9.024615,94.119385,0,0
r,0,13,9.094769,9.230461,0,4
r,1,14,9.056616,25.927076,0,0
r,2,14,9.117538,42.921539,0,0
r,3,14,9.028000,60.192001,0,0
r,4,11,9.013230,76.890465,0,0
r,5,9,9.004923,93.524612,0,0
r,0,14,9.147385,9.291077,0,4
r,1,15,9.051385,25.968924,0,0
r,2,15,9.134461,43.232307,0,0
r,3,15,9.031693,60.212002,0,0
r,4,12,8.993539,76.832619,0,0
r,5,10,9.028000,93.632309,0,0
r,0,15,9.139384,9.275692,0,4
r,1,16,9.056616,26.327692,0,0
r,2,16,9.128307,43.599075,0,0
r,3,16,9.028615,60.619076,0,0
r,4,13,9.012923,77.343384,0,0
r,5,11,9.005231,94.262154,0,0
r,0,16,9.149538,9.293231,0,4
r,1,17,9.053538,26.302769,0,0
r,2,17,9.140615,43.563385,0,0
r,3,17,9.023385,60.581844,0,0
r,4,14,9.023385,77.739693,0,0
r,5,12,9.024615,94.554771,0,0
r,0,17,9.149846,9.293538,0,4
r,1,18,9.054461,26.288307,0,0
r,2,18,9.140307,43.657230,0,0
r,3,18,9.027077,60.430462,0,0
r,4,15,8.993846,77.099075,0,0
r,5,13,9.029231,93.739075,0,0
r,0,18,9.137231,9.273539,0,4
r,1,19,9.055693,26.106462,0,0
r,2,19,9.129847,43.187386,0,0
r,3,19,9.026770,60.280617,0,0
r,4,16,9.015077,76.986458,0,0
r,5,14,9.027692,93.708305,0,0
r,0,19,9.136923,9.273231,0,4
r,1,20,9.057231,26.118462,0,0
r,2,20,9.127692,43.152309,0,0
r,3,20,9.030154,60.328617,0,0
r,4,17,9.012615,77.172615,0,0
r,5,15,9.026770,94.245232,0,0
r,0,20,9.139077,9.275385,0,4
r,1,21,9.057846,26.217846,0,0
r,2,21,9.129230,43.495075,0,0
r,3,21,9.028923,60.554153,0,0
r,4,18,9.012923,77.596306,0,0
r,5,16,9.029231,94.441536,0,0
r,0,21,9.136308,9.272615,0,4
r,1,22,9.056616,26.226768,0,0
r,2,22,9.131077,43.438461,0,0
r,3,22,9.029231,60.507690,0,0
r,4,19,9.036615,77.332619,0,0
r,5,17,9.028615,94.395081,0,0
r,0,22,9.125846,9.269846,0,4
r,1,23,9.056616,26.138153,0,0
r,2,23,9.143385,43.312614,0,0
r,3,23,9.027077,60.601540,0,0
r,4,20,9.024307,77.221230,0,0
r,5,18,9.004616,94.018768,0,0
r,0,23,9.149846,9.293538,0,4
r,1,24,9.052615,26.297539,0,0
r,2,24,9.139692,43.675385,0,0
r,3,24,9.026154,60.713539,0,0
r,4,21,9.023385,77.722153,0,0
r,5,19,9.026462,94.562767,0,0
r,0,24,9.148000,9.291693,0,4
r,1,25,9.052615,26.112923,0,0
r,2,25,9.140615,43.510155,0,0
r,3,25,9.025846,60.340309,0,0
r,4,22,9.022154,77.195076,0,0
r,5,20,9.026154,93.813232,0,0
r,0,25,9.148308,9.292000,0,4
r,1,26,9.052308,25.911385,0,0
r,2,26,9.130769,43.137848,0,0
r,3,26,9.034769,60.037537,0,0
r,4,23,9.023692,76.955696,0,0
r,5,21,9.025846,93.846153,0,0
chkState = 4, hence failing
t,0
r,0,26,9.148308,29.857538,1,5
r,1,27,9.073231,47.397846,0,0
r,2,27,9.118154,64.599075,0,0
r,0,27,9.076923,9.133538,0,5
r,1,28,9.050462,26.532000,0,0
r,2,28,9.116307,43.244308,0,0
r,3,27,10.142462,61.721230,0,0
r,4,24,9.030769,78.810463,0,0
t,0
r,0,28,9.104308,29.849846,1,6
r,1,29,9.087692,47.458462,0,0
r,2,29,9.174154,64.549538,0,0
r,3,28,9.046461,82.175079,0,0
r,0,29,8.954769,9.011692,0,6
r,1,30,9.126154,26.432922,0,0
r,2,30,9.165231,43.696308,0,0
r,3,29,9.074154,61.104000,0,0
r,4,25,9.967384,78.419075,0,0
r,0,30,9.048000,9.104615,0,6
r,1,31,9.102154,25.722769,0,0
r,2,31,9.153539,43.078770,0,0
r,3,30,9.095385,60.117538,0,0
r,4,26,9.045231,77.225845,0,0
r,0,31,8.984923,9.041538,0,6
r,1,32,9.082154,26.422770,0,0
r,2,32,9.164616,43.405231,0,0
r,3,31,9.073231,60.925846,0,0
r,4,27,9.071077,77.525536,0,0
r,0,32,8.965231,9.021846,0,6
r,1,33,9.109231,25.712923,0,0
r,2,33,9.131692,42.808308,0,0
r,3,32,9.100307,59.854462,0,0
r,4,28,9.036307,76.785538,0,0
OOB,5,0,24
r,0,33,9.031077,9.087692,0,6
r,1,34,9.072000,26.258154,0,0
r,2,34,9.184000,43.214462,0,0
r,3,33,9.061846,60.536308,0,0
r,4,29,9.067693,77.216927,0,0
r,0,34,8.992308,9.048923,0,6
r,1,35,9.103077,26.046770,0,0
r,2,35,9.152616,43.081230,0,0
r,3,34,9.096308,60.214153,0,0
r,4,30,9.045231,77.135078,0,0
r,0,35,8.983077,9.039692,0,6
r,1,36,9.081231,26.084309,0,0
r,2,36,9.166462,42.867386,0,0
r,3,35,9.072616,60.313847,0,0
r,4,31,9.066154,77.075386,0,0
r,0,36,8.990154,9.046769,0,6
r,1,37,9.103077,26.122768,0,0
r,2,37,9.152000,43.351692,0,0
r,3,36,9.097231,60.504307,0,0
r,4,32,9.017846,76.988922,0,0
r,0,37,8.994462,9.051077,0,6
t,1
r,1,38,9.096308,46.761539,1,1
r,2,38,9.188616,64.150154,0,0
r,3,37,9.061231,81.261848,0,0
r,0,38,8.989846,9.046461,0,6
r,1,39,9.148308,26.274155,0,1
r,2,39,9.166769,43.701229,0,0
r,3,38,9.145538,61.096924,0,0
r,4,33,9.978461,79.284309,0,0
r,0,39,8.959692,9.016308,0,6
r,1,40,9.137846,26.009232,0,1
r,2,40,9.146153,43.316616,0,0
r,3,39,9.182769,60.815079,0,0
r,4,34,9.092308,77.991386,0,0
r,0,40,8.999692,9.056308,0,6
r,1,41,9.112000,26.149231,0,1
r,2,41,9.172308,43.138462,0,0
r,3,40,9.180923,60.597538,0,0
r,4,35,9.107385,77.724922,0,0
r,0,41,8.961538,9.018154,0,6
r,1,42,9.147385,26.252308,0,1
r,2,42,9.159693,43.576309,0,0
r,3,41,9.182462,60.911694,0,0
t,4
r,0,42,8.962461,9.019384,0,6
r,1,43,9.143692,26.316000,0,1
r,2,43,9.156307,43.799999,0,0
r,3,42,9.146153,61.324001,0,0
r,4,36,10.024000,79.527695,1,1
r,0,43,9.013230,9.069846,0,6
t,1
r,1,44,9.088307,46.696617,1,2
r,2,44,9.178154,64.087997,0,0
r,3,43,9.183385,81.608002,0,0
r,0,44,9.000000,9.056616,0,6
r,1,45,9.111692,25.410461,0,2
r,2,45,9.174154,42.745846,0,0
r,3,44,9.161538,60.281540,0,0
r,4,37,9.995384,78.393539,0,1
r,0,45,8.996615,9.053231,0,6
r,1,46,9.088923,26.471077,0,2
r,2,46,9.186461,43.743999,0,0
r,3,45,9.153539,61.364616,0,0
r,4,38,9.109846,78.727386,0,1
r,0,46,9.028308,9.084923,0,6
r,1,47,9.109231,26.030769,0,2
r,2,47,9.174154,42.871693,0,0
r,3,46,9.163077,60.436615,0,0
r,4,39,9.101231,77.520615,0,1
r,0,47,8.958462,9.015077,0,6
t,1
r,1,48,9.080308,46.744923,1,3
r,2,48,9.194769,63.799385,0,0
r,3,47,9.159077,81.293228,0,0
r,0,48,8.968307,9.025230,0,6
r,1,49,9.242461,26.736307,0,3
r,2,49,9.210462,44.761845,0,0
r,3,48,9.227693,62.564617,0,0
r,4,40,10.040308,81.175690,0,1
r,0,49,8.991076,9.048000,0,6
r,1,50,9.135385,25.897230,0,3
r,2,50,9.183385,43.380924,0,0
r,3,49,9.195692,60.947384,0,0
r,4,41,9.121846,78.459076,0,1
t,0
r,0,50,9.064308,29.896307,1,7
r,1,51,9.134461,47.723385,0,3
r,2,51,9.191692,65.411385,0,0
r,3,50,9.160615,83.038155,0,0
r,0,51,8.979384,9.036307,0,7
r,1,52,9.127692,26.294153,0,3
r,2,52,9.209538,44.279694,0,0
r,3,51,9.187077,61.623386,0,0
r,4,42,9.992308,79.953537,0,1
r,0,52,8.951693,9.008000,0,7
r,1,53,9.139692,25.864307,0,3
r,2,53,9.192000,43.577538,0,0
r,3,52,9.201231,60.737537,0,0
r,4,43,9.084000,78.072922,0,1
r,0,53,8.987077,9.043693,0,7
r,1,54,9.135077,26.108923,0,3
r,2,54,9.191077,43.408001,0,0
r,3,53,9.203077,60.419693,0,0
r,4,44,9.111692,77.540001,0,1
r,0,54,8.924923,8.981539,0,7
r,1,55,9.141231,26.449230,0,3
r,2,55,9.191384,43.806770,0,0
r,3,54,9.204616,61.348000,0,0
r,4,45,9.127384,78.517540,0,1
r,0,55,8.976923,9.033539,0,7
t,1
r,1,56,9.158770,47.016617,1,4
r,2,56,9.193846,64.771690,0,0
r,3,55,9.225846,82.166153,0,0
r,0,56,8.979077,9.036000,0,7
r,1,57,9.133846,25.967691,0,4
r,2,57,9.187693,43.685844,0,0
r,3,56,9.198153,61.392921,0,0
r,4,46,10.029231,79.938461,0,1
r,0,57,8.951077,9.007692,0,7
r,1,58,9.134461,26.003693,0,4
r,2,58,9.188923,43.307076,0,0
r,3,57,9.199077,60.697231,0,0
r,4,47,9.144923,77.868614,0,1
r,0,58,8.979077,9.035692,0,7
r,1,59,9.136000,26.237230,0,4
r,2,59,9.189538,43.667694,0,0
r,3,58,9.186461,61.437229,0,0
r,4,48,9.130154,79.178459,0,1
r,0,59,8.960000,9.016615,0,7
r,1,60,9.135077,25.924307,0,4
r,2,60,9.186461,43.087692,0,0
r,3,59,9.188616,60.712307,0,0
r,4,49,9.120308,77.788002,0,1
r,0,60,8.924616,8.981231,0,7
r,1,61,9.144615,26.230154,0,4
r,2,61,9.211077,43.802769,0,0
r,3,60,9.186769,61.130154,0,0
r,4,50,9.118154,78.531387,0,1
r,0,60,9.439077,9.495692,0,7
r,1,62,9.134154,26.926153,0,4
r,2,62,9.188923,44.571999,0,0
r,3,61,9.168000,62.091385,0,0
r,4,51,9.114154,79.054771,0,1
r,0,61,8.994154,9.050769,0,7
t,1
r,1,63,9.164308,46.942154,1,5
r,2,63,9.183077,64.482155,0,0
r,3,62,9.194769,81.902458,0,0
r,0,62,8.991693,9.048615,0,7
r,1,64,9.144923,26.475384,0,5
r,2,64,9.212000,44.108307,0,0
r,3,63,9.163384,61.377232,0,0
r,4,52,9.991385,79.865845,0,1
r,0,63,8.972615,9.029231,0,7
t,1
r,1,65,9.160615,47.335999,1,6
r,2,65,9.180000,64.815079,0,0
r,3,64,9.176308,81.937843,0,0
r,0,64,8.960000,9.016923,0,7
r,1,66,9.165539,25.814154,0,6
r,2,66,9.181539,43.508923,0,0
r,3,65,9.199693,60.906460,0,0
r,4,53,9.987385,78.928925,0,1
r,0,65,8.979384,9.036000,0,7
r,1,67,9.158770,26.000923,0,6
r,2,67,9.189538,43.256615,0,0
r,3,66,9.186769,60.881229,0,0
r,4,54,9.122154,78.382767,0,1
r,0,66,8.960000,9.016615,0,7
r,1,68,9.137231,25.955692,0,6
r,2,68,9.186153,43.324615,0,0
r,3,67,9.188308,61.123077,0,0
r,4,55,9.120308,78.333847,0,1
r,0,67,8.979384,9.035692,0,7
r,1,69,9.156000,26.412615,0,6
r,2,69,9.189231,43.686768,0,0
r,3,68,9.166154,61.048615,0,0
r,4,56,9.113539,78.445229,0,1
r,0,68,8.970154,9.026770,0,7
r,1,70,9.157230,26.247692,0,6
r,2,70,9.187385,43.720306,0,0
r,3,69,9.165231,61.079693,0,0
r,4,57,9.111692,78.269234,0,1
r,0,69,9.015385,9.072000,0,7
r,1,71,9.133846,26.248615,0,6
r,2,71,9.189538,43.938152,0,0
r,3,70,9.165846,61.588306,0,0
r,4,58,9.124000,79.142464,0,1
r,0,70,8.996307,9.052923,0,7
r,1,72,9.135077,26.590462,0,6
r,2,72,9.200308,43.819386,0,0
r,3,71,9.165539,60.930771,0,0
r,4,59,9.090769,77.903999,0,1
r,0,71,9.002461,9.059077,0,7
r,1,73,9.142462,26.019384,0,6
r,2,73,9.181847,43.646461,0,0
r,3,72,9.192616,61.172306,0,0
r,4,60,9.100924,78.741844,0,1
r,0,72,8.958154,9.014770,0,7
r,1,74,9.140307,26.276922,0,6
r,2,74,9.190769,43.849846,0,0
r,3,73,9.196923,61.261845,0,0
r,4,61,9.095693,78.714157,0,1
r,0,73,8.979692,9.036307,0,7
r,1,75,9.142462,26.321230,0,6
r,2,75,9.193539,44.027691,0,0
r,3,74,9.192616,61.088924,0,0
r,4,62,9.090462,78.502769,0,1
r,0,74,8.957846,9.014462,0,7
r,1,76,9.142769,26.297539,0,6
r,2,76,9.191077,43.955692,0,0
r,3,75,9.197230,61.470463,0,0
r,4,63,9.090769,78.722153,0,1
r,0,75,8.979077,9.035692,0,7
r,1,77,9.136308,26.188923,0,6
r,2,77,9.189538,43.560001,0,0
r,3,76,9.200000,60.924309,0,0
r,4,64,9.119692,78.131386,0,1
r,0,76,8.959692,9.016308,0,7
r,1,78,9.132000,26.335691,0,6
r,2,78,9.197846,43.953232,0,0
r,3,77,9.168000,61.595078,0,0
r,4,65,9.111692,78.512619,0,1
r,0,77,8.991693,9.048307,0,7
r,1,79,9.134154,26.274462,0,6
r,2,79,9.188308,43.811386,0,0
r,3,78,9.165846,61.186153,0,0
r,4,66,9.111692,78.790154,0,1
r,0,78,8.970462,9.027077,0,7
r,1,80,9.150461,26.118155,0,6
r,2,80,9.186769,43.466461,0,0
r,3,79,9.165231,61.157845,0,0
r,4,67,9.119077,78.452309,0,1
r,0,79,8.993846,9.050462,0,7
r,1,81,9.144308,26.258770,0,6
r,2,81,9.205539,43.739079,0,0
r,3,80,9.163692,60.878460,0,0
r,4,68,9.113231,78.368919,0,1
r,0,80,8.972308,9.028923,0,7
r,1,82,9.134461,26.577230,0,6
r,2,82,9.197846,44.141232,0,0
r,3,81,9.183385,61.726463,0,0
r,4,69,9.111692,79.255386,0,1
r,0,81,8.992000,9.048615,0,7
r,1,83,9.136000,26.481539,0,6
r,2,83,9.187077,44.004307,0,0
r,3,82,9.173846,60.931385,0,0
r,4,70,9.126769,78.544617,0,1
r,0,82,8.972308,9.028615,0,7
r,1,84,9.134461,26.446770,0,6
r,2,84,9.197846,44.041538,0,0
r,3,83,9.183692,61.563999,0,0
r,4,71,9.111692,79.078156,0,1
r,0,83,8.994154,9.050769,0,7
r,1,85,9.136000,26.290154,0,6
r,2,85,9.199693,43.739693,0,0
r,3,84,9.179077,61.152924,0,0
r,4,72,9.088615,78.593536,0,1
r,0,84,8.960308,9.016923,0,7
r,1,86,9.141539,26.134462,0,6
r,2,86,9.190769,43.860615,0,0
r,3,85,9.329538,61.283691,0,0
r,4,73,9.097846,78.884003,0,1
r,0,85,8.979692,9.036307,0,7
r,1,87,9.150461,26.284924,0,6
r,2,87,9.196000,43.865231,0,0
r,3,86,9.192924,60.827694,0,0
r,4,74,9.088307,78.105843,0,1
r,0,86,8.957539,9.013538,0,7
r,1,88,9.140615,26.269230,0,6
r,2,88,9.179384,43.827694,0,0
r,3,87,9.201231,61.372925,0,0
r,4,75,9.091385,78.903694,0,1
r,0,87,9.003385,9.060000,0,7
r,1,89,9.142462,25.621231,0,6
r,2,89,9.193539,43.519386,0,0
r,3,88,9.215384,60.992001,0,0
r,4,76,9.090462,78.098465,0,1
r,0,88,8.959385,9.016000,0,7
r,1,90,9.134154,26.266462,0,6
r,2,90,9.186769,43.935383,0,0
r,3,89,9.188308,61.641232,0,0
r,4,77,9.120000,78.866768,0,1
r,0,89,8.979384,9.036000,0,7
r,1,91,9.136000,26.033539,0,6
r,2,91,9.200615,43.445232,0,0
r,3,90,9.207692,60.844307,0,0
r,4,78,9.119385,78.069542,0,1
r,0,90,8.959692,9.016308,0,7
r,1,92,9.144923,26.247076,0,6
r,2,92,9.211385,43.772923,0,0
r,3,91,9.188308,61.515385,0,0
r,4,79,9.120308,78.788307,0,1
r,0,91,9.003077,9.059692,0,7
r,1,93,9.133538,26.084923,0,6
r,2,93,9.189538,43.628616,0,0
r,3,92,9.186461,61.307384,0,0
r,4,80,9.122154,78.835999,0,1
r,0,92,8.981539,9.038154,0,7
r,1,94,9.136616,26.384001,0,6
r,2,94,9.190154,43.466461,0,0
r,3,93,9.188308,61.180614,0,0
r,4,81,9.120308,78.377541,0,1
r,0,93,9.003077,9.059384,0,7
r,1,95,9.134154,26.071692,0,6
r,2,95,9.193539,43.603077,0,0
r,3,94,9.163692,60.764923,0,0
r,4,82,9.121231,78.280922,0,1
r,0,94,8.970154,9.026462,0,7
r,1,96,9.134154,26.336000,0,6
r,2,96,9.189846,43.658154,0,0
r,3,95,9.165846,61.236309,0,0
r,4,83,9.120000,78.642464,0,1
r,0,95,8.994154,9.050769,0,7
r,1,97,9.136000,26.160923,0,6
r,2,97,9.191692,43.631691,0,0
r,3,96,9.163692,61.004002,0,0
r,4,84,9.090462,78.046150,0,1
r,0,96,8.959692,9.016308,0,7
r,2,98,8.928308,33.960308,0,0
r,3,97,9.190461,51.343693,0,0
r,4,85,9.208307,68.783386,0,1
r,5,30,9.579077,86.635689,0,0
r,0,97,9.322769,9.475385,0,7
r,1,98,10.332000,28.549847,0,7
r,2,99,9.126462,46.462769,0,0
r,3,98,9.225231,63.870461,0,0
r,4,86,9.117846,81.252304,0,1
r,5,31,9.091692,98.614151,0,0
r,0,98,9.224923,9.385231,0,7
r,1,99,9.128307,27.061846,0,7
r,2,100,9.122769,44.448307,0,0
r,3,99,9.216616,61.917847,0,0
r,4,87,9.117846,79.471695,0,1
r,5,32,9.118770,96.910156,0,0
r,0,99,9.249538,9.402154,0,7
r,1,100,9.146770,26.908308,0,7
r,2,101,9.175076,44.380924,0,0
r,3,100,9.164616,61.736923,0,0
r,4,88,9.167692,79.444305,0,1
r,5,33,9.091077,96.825844,0,0
r,0,100,9.145538,9.290154,0,7
r,1,101,9.172923,26.575384,0,7
r,2,102,9.101539,44.188614,0,0
r,3,101,9.118462,61.365540,0,0
r,4,89,9.168615,78.831078,0,1
r,5,34,9.093231,96.135689,0,0
r,0,101,9.175385,9.321539,0,7
r,1,102,9.242769,26.735077,0,7
r,2,103,9.101539,44.323078,0,0
r,3,102,9.170462,61.610153,0,0
r,4,90,9.115385,78.934151,0,1
r,5,35,9.098769,96.218460,0,0
r,0,102,9.225538,9.385846,0,7
r,1,103,9.120615,27.014769,0,7
r,2,104,9.153539,44.388924,0,0
r,3,103,9.126769,61.729847,0,0
r,4,91,9.169847,79.428001,0,1
r,5,36,9.091077,96.603691,0,0
r,0,103,9.246154,9.407385,0,7
r,1,104,9.164000,26.706770,0,7
r,2,105,9.153539,44.196617,0,0
r,3,104,9.118154,61.671383,0,0
r,4,92,9.175076,79.212921,0,1
r,5,37,9.091077,96.690155,0,0
r,0,104,9.223385,9.383693,0,7
r,1,105,9.120923,26.822769,0,7
r,2,106,9.161538,44.444614,0,0
r,3,105,9.118154,62.094463,0,0
r,4,93,9.193846,79.612000,0,1
r,5,38,9.093231,97.095695,0,0
r,0,105,9.226769,9.380308,0,7
r,2,107,8.917846,34.445847,0,0
r,3,106,9.171385,52.188309,0,0
r,4,94,9.118154,69.459076,0,1
r,5,39,9.090769,86.634460,0,0
r,0,106,8.965538,9.022462,0,7
r,1,106,9.720923,27.074154,0,8
r,2,108,9.169847,44.513847,0,0
r,3,107,9.120000,62.086155,0,0
r,4,95,9.098461,79.271080,0,1
r,0,107,8.987077,9.043385,0,7
r,1,107,9.178461,26.212000,0,8
r,2,109,9.222462,44.032307,0,0
r,3,108,9.125539,61.230461,0,0
r,4,96,9.140615,78.681541,0,1
r,0,108,8.952923,9.009539,0,7
r,1,108,9.205846,26.319077,0,8
r,2,110,9.125539,43.590771,0,0
r,3,109,9.169538,60.859386,0,0
r,4,97,9.116307,78.369232,0,1
r,0,109,8.984923,9.041231,0,7
r,1,109,9.159693,26.492924,0,8
t,2
r,2,111,9.198153,64.735382,1,1
r,3,110,9.116307,82.618156,0,0
r,0,110,8.985230,9.041846,0,7
r,1,110,9.168615,26.392307,0,8
r,2,112,9.209538,44.098770,0,1
r,3,111,9.118462,61.373848,0,0
r,4,98,9.987077,79.711388,0,1
r,0,111,8.975077,9.032000,0,7
r,1,111,9.156000,26.351385,0,8
r,2,113,9.170462,43.764614,0,1
r,3,112,9.117230,61.224308,0,0
r,4,99,9.140924,78.546463,0,1
r,0,112,8.974154,9.030769,0,7
r,1,112,9.208307,26.320000,0,8
r,2,114,9.135385,43.636616,0,1
r,3,113,9.196308,61.198769,0,0
r,4,100,9.090462,78.623695,0,1
r,0,113,8.965538,9.022154,0,7
r,1,113,9.153539,26.498461,0,8
r,2,115,9.170462,43.877232,0,1
r,3,114,9.117230,61.217846,0,0
r,4,101,9.098461,78.555695,0,1
r,0,114,8.984923,9.041231,0,7
r,1,114,9.155385,26.520924,0,8
r,2,116,9.173231,44.144001,0,1
r,3,115,9.120308,61.466770,0,0
r,4,102,9.148000,78.688309,0,1
r,0,115,9.067385,9.124000,0,7
r,1,115,9.204616,26.512615,0,8
r,2,117,9.126462,44.024921,0,1
r,3,116,9.169847,61.512924,0,0
r,4,103,9.091385,78.956924,0,1
r,0,116,8.985230,9.041846,0,7
r,1,116,9.136923,26.400923,0,8
r,2,118,9.173231,43.709538,0,1
r,3,117,9.122769,61.179386,0,0
r,4,104,9.140924,78.844925,0,1
r,0,117,8.952923,9.009539,0,7
r,1,117,9.188308,26.286461,0,8
r,2,119,9.120923,43.513229,0,1
r,3,118,9.169847,61.117229,0,0
r,4,105,9.088307,78.515381,0,1
r,0,118,8.972000,9.028615,0,7
r,1,118,9.190154,26.038462,0,8
r,2,120,9.126462,43.482155,0,1
r,3,119,9.170462,60.933846,0,0
r,4,106,9.090462,78.098770,0,1
r,0,119,8.965231,9.021846,0,7
r,1,119,9.137539,26.247999,0,8
r,2,121,9.172923,43.905231,0,1
r,3,120,9.117230,61.472309,0,0
r,4,107,9.163692,78.847382,0,1
r,0,120,8.972308,9.028923,0,7
r,1,120,9.188308,26.465538,0,8
r,2,122,9.147693,44.042770,0,1
r,3,121,9.170154,61.354462,0,0
r,4,108,9.097846,78.819077,0,1
r,0,121,8.968000,9.024615,0,7
r,1,121,9.130154,26.173231,0,8
r,2,123,9.170462,43.610462,0,1
r,3,122,9.117230,60.935692,0,0
r,4,109,9.141231,78.189232,0,1
r,0,122,8.972000,9.028615,0,7
r,1,122,9.188308,26.040001,0,8
r,2,124,9.124308,42.817539,0,1
r,3,123,9.192616,60.230152,0,0
r,4,110,9.088000,77.588921,0,1
r,0,123,8.917846,8.974462,0,7
r,1,123,9.186769,26.366770,0,8
r,2,125,9.120615,43.954769,0,1
r,3,124,9.170154,61.574154,0,0
r,4,111,9.113846,78.797234,0,1
r,0,124,9.093846,9.150461,0,7
r,1,124,9.154769,26.501539,0,8
r,2,126,9.171385,44.101540,0,1
r,3,125,9.128000,61.450462,0,0
r,4,112,9.142769,78.580002,0,1
r,0,125,8.952308,9.008924,0,7
r,1,125,9.186153,26.156000,0,8
r,2,127,9.142462,43.531693,0,1
r,3,126,9.120000,60.944309,0,0
r,4,113,9.140924,78.078766,0,1
r,0,126,8.972000,9.028615,0,7
r,1,126,9.187693,26.124615,0,8
r,2,128,9.149231,43.752617,0,1
r,3,127,9.120615,60.988308,0,0
r,4,114,9.140000,78.136002,0,1
r,0,127,8.952308,9.008924,0,7
r,1,127,9.188923,26.144615,0,8
r,2,129,9.145846,43.747692,0,1
r,3,128,9.170462,61.427078,0,0
r,4,115,9.090769,78.572617,0,1
r,0,128,9.062154,9.118770,0,7
r,1,128,9.187693,26.381845,0,8
r,2,130,9.147693,44.043385,0,1
r,3,129,9.170154,61.364307,0,0
r,4,116,9.088307,78.594460,0,1
r,0,129,8.952923,9.009231,0,7
r,1,129,9.186153,26.096308,0,8
r,2,131,9.144000,43.452309,0,1
r,3,130,9.169538,60.612923,0,0
r,4,117,9.091077,77.941231,0,1
r,0,130,8.969539,9.026154,0,7
r,1,130,9.188923,26.295076,0,8
r,2,132,9.147693,43.862152,0,1
r,3,131,9.170154,61.399078,0,0
r,4,118,9.092615,78.652000,0,1
r,0,131,8.965538,9.022154,0,7
r,1,131,9.127692,26.457232,0,8
r,2,133,9.176923,44.056614,0,1
r,3,132,9.145230,61.534462,0,0
r,4,119,9.091077,78.777542,0,1
r,0,132,8.984615,9.040923,0,7
r,1,132,9.129539,26.342154,0,8
r,2,134,9.181231,43.903999,0,1
r,3,133,9.146461,61.213844,0,0
r,4,120,9.140307,78.906464,0,1
r,0,133,8.952923,9.009539,0,7
r,1,133,9.188616,26.202768,0,8
r,2,135,9.146153,43.695999,0,1
r,3,134,9.169847,61.401539,0,0
r,4,121,9.091077,78.568924,0,1
r,0,134,9.093538,9.150154,0,7
r,1,134,9.135077,26.437845,0,8
r,2,136,9.198462,44.035076,0,1
t,3
r,3,135,9.177539,82.084305,1,1
r,0,135,8.985230,9.041846,0,7
r,1,135,9.145230,26.452923,0,8
r,2,137,9.205539,44.083385,0,1
r,3,136,9.118462,61.352615,0,1
r,4,122,10.034769,79.822464,0,1
r,0,136,8.945847,9.002153,0,7
r,1,136,9.203384,26.260307,0,8
r,2,138,9.097231,43.425232,0,1
r,3,137,9.122461,60.583076,0,1
r,4,123,9.166154,77.856926,0,1
r,0,137,8.972000,9.028615,0,7
r,1,137,9.188000,26.035999,0,8
r,2,139,9.147077,43.609230,0,1
r,3,138,9.168307,60.880615,0,1
r,4,124,9.090154,78.114151,0,1
r,0,138,8.965538,9.022154,0,7
r,1,138,9.137539,26.434462,0,8
r,2,140,9.196000,44.018768,0,1
r,3,139,9.120000,61.270153,0,1
r,4,125,9.142769,78.652924,0,1
r,0,139,8.974154,9.030769,0,7
r,1,139,9.188000,26.269539,0,8
r,2,141,9.149231,43.848000,0,1
r,3,140,9.168000,61.207386,0,1
r,4,126,9.090462,78.343079,0,1
r,0,140,8.952923,9.009231,0,7
r,1,140,9.205846,26.094461,0,8
r,2,142,9.124616,43.460308,0,1
r,3,141,9.168000,60.843384,0,1
r,4,127,9.116615,77.917229,0,1
r,0,141,8.971692,9.028308,0,7
r,1,141,9.187693,26.233538,0,8
r,2,143,9.122461,43.728001,0,1
r,3,142,9.170462,60.927692,0,1
r,4,128,9.090462,78.209541,0,1
r,0,142,8.965538,9.022154,0,7
r,1,142,9.135077,26.501230,0,8
r,2,144,9.170154,43.710155,0,1
r,3,143,9.117230,61.000000,0,1
r,4,129,9.116307,78.224304,0,1
r,0,143,8.984923,9.041538,0,7
r,1,143,9.127384,26.403385,0,8
r,2,145,9.173538,44.021538,0,1
r,3,144,9.143077,61.507690,0,1
r,4,130,9.148000,78.840309,0,1
r,0,144,8.952923,9.009539,0,7
r,1,144,9.179384,26.153231,0,8
r,2,146,9.265231,43.710155,0,1
r,3,145,9.179384,61.407383,0,1
r,4,131,9.090769,78.731689,0,1
r,0,145,8.985230,9.041846,0,7
r,1,145,9.155385,26.380922,0,8
r,2,147,9.178769,44.123077,0,1
r,3,146,9.143692,61.682156,0,1
r,4,132,9.148000,79.379692,0,1
r,0,146,8.952923,9.009539,0,7
r,1,146,9.205231,26.261847,0,8
r,2,148,9.232000,43.689537,0,1
r,3,147,9.239385,61.498463,0,1
r,4,133,9.099692,79.047691,0,1
r,0,147,8.985230,9.041846,0,7
r,1,147,9.136923,26.347692,0,8
r,2,149,9.171692,43.997540,0,1
r,3,148,9.145846,61.518154,0,1
r,4,134,9.148000,79.287079,0,1
r,0,148,9.111692,9.168307,0,7
r,1,148,9.179692,26.757847,0,8
r,2,150,9.118154,44.238461,0,1
r,3,149,9.119692,61.534462,0,1
r,4,135,9.141231,78.829231,0,1
r,0,149,8.974154,9.030769,0,7
r,1,149,9.206462,26.305845,0,8
r,2,151,9.130154,43.794155,0,1
r,3,150,9.169538,61.191078,0,1
r,4,136,9.089847,78.714157,0,1
r,0,150,8.965846,9.022462,0,7
r,1,150,9.155692,26.443077,0,8
r,2,152,9.177539,44.117229,0,1
r,3,151,9.119692,61.709232,0,1
r,4,137,9.140924,79.043999,0,1
r,0,151,8.974154,9.030769,0,7
r,1,151,9.206154,26.322462,0,8
r,2,153,9.127077,43.929539,0,1
r,3,152,9.118770,61.216309,0,1
r,4,138,9.140307,78.534767,0,1
r,0,152,8.952616,9.008924,0,7
r,1,152,9.180000,26.209846,0,8
r,2,154,9.145230,43.263691,0,1
r,3,153,9.177539,60.789539,0,1
r,4,139,9.091077,78.149231,0,1
r,0,153,8.973846,9.030461,0,7
r,1,153,9.206154,26.302155,0,8
r,2,155,9.128615,43.673229,0,1
r,3,154,9.168000,61.347076,0,1
r,4,140,9.090154,78.481232,0,1
r,0,154,8.965538,9.022154,0,7
r,1,154,9.156307,26.440924,0,8
r,2,156,9.214769,43.928925,0,1
r,3,155,9.120308,61.681232,0,1
r,4,141,9.167077,78.975388,0,1
r,0,155,8.972308,9.028923,0,7
r,1,155,9.200923,26.463692,0,8
r,2,157,9.136000,43.729229,0,1
r,3,156,9.170462,61.121231,0,1
r,4,142,9.091385,78.547691,0,1
r,0,156,8.965538,9.021846,0,7
r,1,156,9.137539,26.492308,0,8
r,2,158,9.170770,43.915077,0,1
r,3,157,9.119692,61.246155,0,1
r,4,143,9.116615,78.604614,0,1
r,0,157,8.987077,9.043693,0,7
r,1,157,9.129539,26.137539,0,8
r,2,159,9.171385,43.691078,0,1
r,3,158,9.120308,61.077847,0,1
r,4,144,9.116307,78.155693,0,1
r,0,158,8.965538,9.022154,0,7
r,1,158,9.153846,26.500000,0,8
r,2,160,9.178461,44.073540,0,1
r,3,159,9.145230,61.648922,0,1
r,4,145,9.140924,79.065231,0,1
r,0,159,8.972000,9.028615,0,7
r,1,159,9.187693,26.036922,0,8
r,2,161,9.147693,43.619385,0,1
r,3,160,9.170154,61.126461,0,1
r,4,146,9.090462,78.508003,0,1
r,0,160,8.965538,9.022154,0,7
r,1,160,9.135385,26.430769,0,8
r,2,162,9.196308,43.827076,0,1
r,3,161,9.119692,61.179386,0,1
r,4,147,9.140924,78.657234,0,1
r,0,161,8.972000,9.028308,0,7
r,1,161,9.188308,25.908922,0,8
r,2,163,9.147077,43.372307,0,1
r,3,162,9.170462,60.622154,0,1
r,4,148,9.089231,77.918152,0,1
r,0,162,8.952308,9.008924,0,7
r,1,162,9.205846,26.079077,0,8
r,2,164,9.118154,43.182770,0,1
r,3,163,9.179692,60.792923,0,1
r,4,149,9.116307,78.165230,0,1
r,0,163,8.984923,9.041538,0,7
r,1,163,9.136923,26.441847,0,8
r,2,165,9.173231,43.981537,0,1
r,3,164,9.143385,61.625229,0,1
r,4,150,9.147693,79.235077,0,1
r,0,164,8.952923,9.009539,0,7
r,1,164,9.205231,26.195385,0,8
r,2,166,9.127384,43.487694,0,1
r,3,165,9.145230,61.132000,0,1
r,4,151,9.140924,78.535080,0,1
r,0,165,8.972000,9.028615,0,7
r,1,165,9.186153,26.043385,0,8
r,2,167,9.147077,43.622768,0,1
r,3,166,9.170154,61.120308,0,1
r,4,152,9.090462,78.189232,0,1
r,0,166,8.952923,9.009231,0,7
r,1,166,9.207077,26.095385,0,8
r,2,168,9.126462,43.371384,0,1
r,3,167,9.169847,60.905846,0,1
r,4,153,9.117230,78.112923,0,1
r,0,167,8.972000,9.028615,0,7
r,1,167,9.187693,25.984615,0,8
r,2,169,9.148000,43.702461,0,1
r,3,168,9.168000,61.216309,0,1
r,4,154,9.090769,78.261536,0,1
r,0,168,8.965538,9.022154,0,7
r,1,168,9.137846,26.431385,0,8
r,2,170,9.196308,44.109539,0,1
r,3,169,9.119692,61.605846,0,1
r,4,155,9.142154,78.968613,0,1
r,0,169,8.972308,9.028923,0,7
r,1,169,9.187693,26.392923,0,8
r,2,171,9.148000,44.104614,0,1
r,3,170,9.170462,61.582462,0,1
r,4,156,9.090462,78.971077,0,1
r,0,170,8.952923,9.009539,0,7
r,1,170,9.188000,26.139692,0,8
r,2,172,9.144615,43.741848,0,1
r,3,171,9.169847,61.488922,0,1
r,4,157,9.098154,78.978462,0,1
r,0,171,8.987385,9.044000,0,7
r,1,171,9.130154,26.265846,0,8
r,2,173,9.173846,43.779385,0,1
r,3,172,9.125539,61.291386,0,1
r,4,158,9.143385,78.850769,0,1
r,0,172,8.952923,9.009539,0,7
r,1,172,9.188616,26.289846,0,8
r,2,174,9.123384,43.870461,0,1
r,3,173,9.169538,61.252308,0,1
r,4,159,9.091077,78.528618,0,1
r,0,173,8.987385,9.043693,0,7
r,1,173,9.129847,26.181231,0,8
r,2,175,9.171385,43.551998,0,1
r,3,174,9.118462,61.011692,0,1
r,4,160,9.163384,78.508003,0,1
r,0,174,8.952923,9.009231,0,7
r,1,174,9.184615,26.141539,0,8
r,2,176,9.142154,43.630768,0,1
r,3,175,9.177539,61.173847,0,1
r,4,161,9.094461,78.704926,0,1
r,0,175,8.985230,9.041846,0,7
r,1,175,9.129847,26.364923,0,8
r,2,177,9.170770,43.995693,0,1
r,3,176,9.125539,61.407078,0,1
r,4,162,9.143077,78.723381,0,1
r,0,176,8.950769,9.007384,0,7
r,1,176,9.178461,26.307077,0,8
r,2,178,9.116923,43.621540,0,1
r,3,177,9.177539,61.237537,0,1
r,4,163,9.093538,78.760612,0,1
r,0,177,8.984923,9.041538,0,7
r,1,177,9.129230,26.475077,0,8
r,2,179,9.171077,43.820614,0,1
r,3,178,9.118154,60.984306,0,1
r,4,164,9.140615,78.274460,0,1
r,0,178,8.953231,9.009231,0,7
r,1,178,9.182462,26.012308,0,8
r,2,180,9.118154,43.269539,0,1
r,3,179,9.169847,60.749229,0,1
r,4,165,9.091077,78.059074,0,1
r,0,179,9.008307,9.064923,0,7
r,1,179,9.127692,26.109846,0,8
r,2,181,9.173231,43.728306,0,1
r,3,180,9.127692,61.160614,0,1
r,4,166,9.168615,78.871384,0,1
r,0,180,8.955077,9.011692,0,7
r,1,180,9.186461,26.424923,0,8
r,2,182,9.143692,44.008308,0,1
r,3,181,9.177231,61.494461,0,1
r,4,167,9.116615,78.945229,0,1
r,0,181,8.972000,9.028615,0,7
r,1,181,9.206154,26.042768,0,8
r,2,183,9.130769,43.555691,0,1
r,3,182,9.196000,60.860306,0,1
r,4,168,9.090462,77.708305,0,1
r,0,182,8.930154,8.986770,0,7
r,1,182,9.156000,26.351076,0,8
r,2,184,9.169538,43.603077,0,1
r,3,183,9.119692,60.902771,0,1
r,4,169,9.148308,77.999695,0,1
r,0,183,8.974154,9.030769,0,7
r,1,183,9.187693,26.360308,0,8
r,2,185,9.140307,43.729229,0,1
r,3,184,9.170462,60.985538,0,1
r,4,170,9.090462,78.254463,0,1
r,0,184,8.965538,9.022154,0,7
r,1,184,9.137539,26.516615,0,8
r,2,186,9.190154,44.084923,0,1
r,3,185,9.117230,61.403694,0,1
r,4,171,9.140924,78.712311,0,1
r,0,185,8.972000,9.028615,0,7
r,1,185,9.187693,26.124924,0,8
r,2,187,9.140000,43.747383,0,1
r,3,186,9.168000,60.901230,0,1
r,4,172,9.090154,77.823387,0,1
r,0,186,8.965231,9.021846,0,7
r,1,186,9.135693,26.246769,0,8
r,2,188,9.188308,43.812614,0,1
r,3,187,9.117538,61.253845,0,1
r,4,173,9.148000,78.835388,0,1
t,0
r,0,187,9.077230,29.876616,1,8
r,1,187,9.200923,47.874462,0,8
r,2,189,9.126769,65.275078,0,1
r,3,188,9.177846,82.775696,0,1
t,0
r,0,188,9.483692,30.280308,1,9
r,1,188,9.210770,48.105537,0,8
r,2,190,9.152000,65.549843,0,1
r,3,189,9.094769,82.634460,0,1
r,0,189,8.984923,9.041846,0,9
r,1,189,9.147693,26.491077,0,8
r,2,191,9.181231,44.073231,0,1
r,3,190,9.118154,61.179691,0,1
r,4,174,10.034462,79.644310,0,1
r,0,190,8.944307,9.000923,0,9
r,1,190,9.196000,26.238153,0,8
r,2,192,9.111077,43.479691,0,1
r,3,191,9.177539,60.825539,0,1
r,4,175,9.088615,78.082153,0,1
r,0,190,9.472615,9.528923,0,9
r,1,191,9.129539,27.150461,0,8
r,2,193,9.174154,44.770153,0,1
r,3,192,9.117846,62.240925,0,1
r,4,176,9.140000,79.641846,0,1
r,0,191,8.952923,9.009539,0,9
r,1,192,9.181231,26.161230,0,8
r,2,194,9.127384,43.453846,0,1
r,3,193,9.175693,61.160614,0,1
r,4,177,9.093538,78.599998,0,1
r,0,192,8.985230,9.041846,0,9
r,1,193,9.129847,26.275078,0,8
r,2,195,9.177846,43.690769,0,1
r,3,194,9.125231,61.186153,0,1
r,4,178,9.144000,78.746460,0,1
r,0,193,8.952923,9.009539,0,9
r,1,194,9.188616,26.289846,0,8
r,2,196,9.123693,43.870770,0,1
r,3,195,9.169847,61.270462,0,1
r,4,179,9.091077,78.580002,0,1
r,0,194,9.008615,9.065230,0,9
r,1,195,9.136923,26.157539,0,8
r,2,197,9.176616,43.889538,0,1
r,3,196,9.118154,61.288921,0,1
r,4,180,9.140000,78.876305,0,1
r,0,195,9.011077,9.192616,0,9
r,1,196,9.225231,26.537231,0,8
r,2,198,9.159077,44.456306,0,1
r,3,197,9.186153,62.051998,0,1
r,4,181,9.101231,79.582458,0,1
r,0,196,8.984923,9.041846,0,9
r,1,197,9.137231,26.538155,0,8
r,2,199,9.176308,44.054768,0,1
r,3,198,9.143077,61.232616,0,1
r,4,182,9.150154,78.832924,0,1
r,0,197,8.996923,9.053538,0,9
r,1,198,9.181847,26.716923,0,8
r,2,200,9.140615,44.153847,0,1
r,3,199,9.177231,61.807999,0,1
r,4,183,9.091692,79.009232,0,1
r,0,198,8.972308,9.028923,0,9
r,1,199,9.188616,26.396000,0,8
r,2,201,9.122461,43.962154,0,1
r,3,200,9.193231,61.612309,0,1
r,4,184,9.090769,78.880310,0,1
r,0,199,8.965846,9.022462,0,9
r,1,200,9.156000,26.459385,0,8
r,2,202,9.177539,43.790462,0,1
r,3,201,9.120000,61.231075,0,1
r,4,185,9.143692,78.627075,0,1
r,0,200,8.972308,9.028923,0,9
r,1,201,9.188308,26.468615,0,8
r,2,203,9.122461,43.839077,0,1
r,3,202,9.170462,61.267693,0,1
r,4,186,9.090769,78.564926,0,1
r,0,201,8.965846,9.022462,0,9
r,1,202,9.137846,26.464924,0,8
r,2,204,9.170770,43.908306,0,1
r,3,203,9.119385,61.100307,0,1
r,4,187,9.166769,78.369843,0,1
r,0,202,8.972000,9.028308,0,9
r,1,203,9.206462,25.980616,0,8
r,2,205,9.127692,43.302769,0,1
r,3,204,9.118154,60.608616,0,1
r,4,188,9.140615,77.735382,0,1
r,0,203,8.952923,9.009231,0,9
r,1,204,9.207077,26.144615,0,8
r,3,205,8.896923,51.354462,0,1
r,4,189,9.144923,69.034157,0,1
r,5,41,9.622461,86.871078,0,0
r,0,204,9.213538,9.350462,0,9
r,1,205,9.188000,26.953846,0,8
r,2,206,10.284616,45.660923,0,2
r,3,206,9.130769,63.293232,0,1
r,4,190,9.090462,80.469849,0,1
r,5,42,9.118462,97.490463,0,0
r,0,205,9.196923,9.349539,0,9
r,1,206,9.158770,26.843077,0,8
r,2,207,9.186153,44.288921,0,2
r,3,207,9.146153,61.958462,0,1
r,4,191,9.090462,79.511383,0,1
r,5,43,9.151077,96.800613,0,0
r,0,206,9.183077,9.320000,0,9
r,1,207,9.206462,26.716923,0,8
r,2,208,9.121231,44.208923,0,2
r,3,208,9.177231,61.824615,0,1
r,4,192,9.088923,79.261230,0,1
r,5,44,9.143385,96.629539,0,0
r,0,207,9.148923,9.294154,0,9
r,1,208,9.229539,26.880615,0,8
r,2,209,9.141846,44.480923,0,2
r,3,209,9.145846,61.810154,0,1
r,4,193,9.142769,79.288002,0,1
r,5,45,9.098461,96.568306,0,0
r,0,208,9.183385,9.320308,0,9
r,1,209,9.206462,26.555077,0,8
r,2,210,9.130769,43.980000,0,2
r,3,210,9.170462,61.311386,0,1
r,4,194,9.088000,78.733849,0,1
r,5,46,9.091692,95.627388,0,0
r,0,209,9.199693,9.352307,0,9
r,1,210,9.149846,26.667076,0,8
r,2,211,9.186153,44.292923,0,2
r,3,211,9.120308,61.785538,0,1
r,4,195,9.118154,79.052307,0,1
r,5,47,9.148616,96.395691,0,0
r,0,210,9.183385,9.320308,0,9
r,1,211,9.178769,26.504616,0,8
r,2,212,9.121538,44.024307,0,2
r,3,212,9.196615,61.521847,0,1
r,4,196,9.097846,79.171387,0,1
r,5,48,9.143077,96.591080,0,0
r,0,211,9.146461,9.291693,0,9
r,1,212,9.229846,26.888615,0,8
r,2,213,9.143385,44.611385,0,2
r,3,213,9.171385,62.172615,0,1
r,4,197,9.090769,79.713844,0,1
r,5,49,9.143077,96.945847,0,0
r,0,212,9.183385,9.320308,0,9
r,1,213,9.204000,26.605539,0,8
r,2,214,9.128615,43.790462,0,2
r,3,214,9.171077,61.311386,0,1
r,4,198,9.090769,78.748001,0,1
r,5,50,9.143385,95.744926,0,0
r,0,213,9.148923,9.294154,0,9
r,1,214,9.229539,26.889538,0,8
r,2,215,9.143385,44.511692,0,2
r,3,215,9.170154,62.066154,0,1
r,4,199,9.090462,79.312614,0,1
r,5,51,9.169230,96.677536,0,0
r,0,214,9.190769,9.327692,0,9
r,1,215,9.206154,26.940308,0,8
r,2,216,9.129230,44.180923,0,2
r,3,216,9.193846,61.693848,0,1
r,4,200,9.095385,79.269234,0,1
r,5,52,9.143077,96.562462,0,0
r,0,215,9.147693,9.292923,0,9
r,1,216,9.230769,26.800922,0,8
r,2,217,9.133231,44.209232,0,2
r,3,217,9.170462,61.701847,0,1
r,4,201,9.090154,78.978462,0,1
r,5,53,9.144308,96.179382,0,0
r,0,216,9.191077,9.327692,0,9
r,1,217,9.180615,26.851999,0,8
r,2,218,9.121538,44.458153,0,2
r,3,218,9.196308,62.095387,0,1
r,4,202,9.090154,79.427383,0,1
r,5,54,9.143385,96.675079,0,0
r,0,217,9.146770,9.292000,0,9
r,1,218,9.210462,26.743076,0,8
r,2,219,9.159077,44.224617,0,2
r,3,219,9.170154,61.730152,0,1
r,4,203,9.090462,79.022156,0,1
r,5,55,9.091692,95.969849,0,0
r,0,218,9.234154,9.378462,0,9
r,1,219,9.129539,26.774769,0,8
r,2,220,9.171077,44.319077,0,2
r,3,220,9.128000,61.472614,0,1
r,4,204,9.167384,78.898460,0,1
r,5,56,9.091385,96.412613,0,0
r,0,219,9.196615,9.349231,0,9
r,1,220,9.159385,26.697231,0,8
r,2,221,9.210154,44.496922,0,2
r,3,221,9.120615,61.849537,0,1
r,4,205,9.090462,79.167999,0,1
r,5,57,9.150769,96.425850,0,0
r,0,220,9.183077,9.320000,0,9
r,1,221,9.206462,26.719999,0,8
r,2,222,9.121231,44.268616,0,2
r,3,222,9.125231,61.781231,0,1
r,4,206,9.142462,78.981232,0,1
r,5,58,9.116615,96.436310,0,0
r,0,221,9.146461,9.291693,0,9
r,1,222,9.208307,26.785231,0,8
r,2,223,9.161538,44.088001,0,2
r,3,223,9.170154,61.395691,0,1
r,4,207,9.090154,78.580002,0,1
r,5,59,9.143692,95.355385,0,0
r,0,222,9.184615,9.321539,0,9
r,1,223,9.180923,26.852615,0,8
r,2,224,9.131077,44.512306,0,2
r,3,224,9.196000,61.940922,0,1
r,4,208,9.090462,79.043999,0,1
r,5,60,9.100616,95.990463,0,0
r,0,223,9.197538,9.350154,0,9
r,1,224,9.178461,26.753538,0,8
r,2,225,9.183385,44.604000,0,2
r,3,225,9.117846,61.615383,0,1
r,4,209,9.142769,79.281540,0,1
r,5,61,9.100924,96.652000,0,0
r,0,224,9.260307,9.412308,0,9
r,1,225,9.129847,26.590155,0,8
r,2,226,9.173846,44.052921,0,2
r,3,226,9.125231,61.566769,0,1
r,4,210,9.140924,79.001228,0,1
r,5,62,9.091692,96.067383,0,0
r,0,225,9.225231,9.385538,0,9
r,1,226,9.159385,27.060616,0,8
r,2,227,9.185846,44.461231,0,2
r,3,227,9.120308,62.015694,0,1
r,4,211,9.090462,79.037849,0,1
r,5,63,9.140924,96.104309,0,0
r,0,226,9.209538,9.354154,0,9
r,1,227,9.186153,26.872923,0,8
r,2,228,9.122154,44.608002,0,2
r,3,228,9.117846,61.677540,0,1
r,4,212,9.140924,79.192001,0,1
r,5,64,9.091692,96.273849,0,0
r,0,227,9.224000,9.384308,0,9
r,1,228,9.160000,26.730770,0,8
r,2,229,9.183385,44.235386,0,2
r,3,229,9.120308,61.619694,0,1
r,4,213,9.090154,78.788925,0,1
r,5,65,9.144000,95.984924,0,0
r,0,228,9.209538,9.354154,0,9
r,1,229,9.186153,26.871077,0,8
r,2,230,9.122154,44.492310,0,2
r,3,230,9.120308,61.838154,0,1
r,4,214,9.140307,79.024612,0,1
r,5,66,9.090769,96.225845,0,0
r,0,229,9.226153,9.386461,0,9
r,1,230,9.159693,27.056616,0,8
r,2,231,9.186153,44.572922,0,2
r,3,231,9.120615,62.061230,0,1
r,4,215,9.088307,79.312309,0,1
r,5,67,9.140924,96.495079,0,0
r,0,230,9.212615,9.357231,0,9
r,1,231,9.188000,27.152924,0,8
r,2,232,9.121231,44.797539,0,2
r,3,232,9.117846,62.255077,0,1
r,4,216,9.141539,79.703384,0,1
r,5,68,9.093231,97.025230,0,0
r,0,231,9.225846,9.386154,0,9
r,1,232,9.159385,27.065845,0,8
r,2,233,9.211692,44.723694,0,2
r,3,233,9.125846,62.293232,0,1
r,4,217,9.168615,79.892921,0,1
r,5,69,9.093231,97.483078,0,0
r,0,232,9.240923,9.385231,0,9
r,1,233,9.157538,26.869539,0,8
r,2,234,9.172308,44.748615,0,2
r,3,234,9.120615,62.112309,0,1
r,4,218,9.142769,79.464615,0,1
r,5,70,9.100616,96.879074,0,0
r,0,233,9.223692,9.384000,0,9
r,1,234,9.152308,26.804001,0,8
r,2,235,9.192924,43.807693,0,2
r,3,235,9.117846,61.243385,0,1
r,4,219,9.140000,78.924309,0,1
r,5,71,9.116307,95.808617,0,0
r,0,234,9.233846,9.378154,0,9
r,1,235,9.136923,26.775999,0,8
r,2,236,9.172308,44.512924,0,2
r,3,236,9.146153,61.925537,0,1
r,4,220,9.149846,79.773232,0,1
r,5,72,9.092000,97.313843,0,0
r,0,234,9.706769,9.867077,0,9
r,1,236,9.151692,27.035692,0,8
r,2,237,9.185538,44.667076,0,2
r,3,237,9.119077,62.147999,0,1
r,4,221,9.150461,79.514771,0,1
r,5,73,9.117230,96.810768,0,0
r,0,235,9.235692,9.380000,0,9
r,1,237,9.137231,26.499384,0,8
r,2,238,9.171692,44.047077,0,2
r,3,238,9.146153,61.358768,0,1
r,4,222,9.142769,79.128922,0,1
r,5,74,9.090769,96.477234,0,0
r,0,236,9.148923,9.294154,0,9
r,1,238,9.210462,26.760923,0,8
r,2,239,9.133846,44.182770,0,2
r,3,239,9.196308,61.802460,0,1
r,4,223,9.097846,79.216003,0,1
r,5,75,9.143077,96.485229,0,0
r,0,237,9.183385,9.320308,0,9
r,1,239,9.180615,26.513231,0,8
r,2,240,9.121231,44.148308,0,2
r,3,240,9.146153,61.547691,0,1
r,4,224,9.148616,79.307693,0,1
r,5,76,9.091077,96.706154,0,0
r,0,238,9.146770,9.292000,0,9
r,1,240,9.229846,26.652000,0,8
r,2,241,9.140924,44.119694,0,2
r,3,241,9.170154,61.513538,0,1
r,4,225,9.090769,78.881844,0,1
r,5,77,9.143385,96.026459,0,0
r,0,239,9.211385,9.356000,0,9
r,1,241,9.188000,26.892616,0,8
r,2,242,9.123077,44.617229,0,2
r,3,242,9.196000,62.195999,0,1
r,4,226,9.097846,79.557846,0,1
r,5,78,9.143077,97.101845,0,0
r,0,240,9.146461,9.291693,0,9
r,1,242,9.228308,26.829538,0,8
r,2,243,9.143692,44.392307,0,2
r,3,243,9.170770,61.995693,0,1
r,4,227,9.088307,79.393234,0,1
r,5,79,9.143077,96.686462,0,0
r,0,241,9.211385,9.356000,0,9
r,1,243,9.188000,26.899693,0,8
r,2,244,9.121846,44.508308,0,2
r,3,244,9.168000,61.899078,0,1
r,4,228,9.116307,79.075386,0,1
r,5,80,9.148308,96.574768,0,0
r,0,242,9.146770,9.292000,0,9
r,1,244,9.333538,27.055693,0,8
r,2,245,9.141846,44.881847,0,2
r,3,245,9.220307,62.775692,0,1
r,4,229,9.098154,80.072922,0,1
r,5,81,9.091077,97.075073,0,0
r,0,243,9.259692,9.411693,0,9
r,1,245,9.136923,27.008615,0,8
r,2,246,9.173538,44.545845,0,2
r,3,246,9.143385,62.185844,0,1
r,4,230,9.150154,79.904305,0,1
r,5,82,9.093538,97.083694,0,0
r,0,244,9.240000,9.392615,0,9
r,1,246,9.152308,26.922153,0,8
r,2,247,9.183385,44.450462,0,2
r,3,247,9.120308,61.828308,0,1
r,4,231,9.168615,79.024925,0,1
r,5,83,9.100924,96.537849,0,0
r,0,245,9.234769,9.379077,0,9
r,1,247,9.127077,26.598154,0,8
r,2,248,9.173231,44.253231,0,2
r,3,248,9.144308,61.891693,0,1
r,4,232,9.150769,79.595078,0,1
r,5,84,9.093538,96.875076,0,0
r,0,246,9.225846,9.386154,0,9
r,1,248,9.159693,27.074770,0,8
r,2,249,9.185538,44.584000,0,2
r,3,249,9.118462,62.084000,0,1
r,4,233,9.090154,79.348000,0,1
r,5,85,9.264923,96.556000,0,0
r,0,247,9.211692,9.356308,0,9
r,1,249,9.188000,26.819693,0,8
r,2,250,9.121231,44.443077,0,2
r,3,250,9.195692,62.020000,0,1
r,4,234,9.090462,79.102768,0,1
r,5,86,9.098461,96.102463,0,0
r,0,248,9.226153,9.386461,0,9
r,1,250,9.152000,27.007692,0,8
r,2,251,9.194154,44.227077,0,2
r,3,251,9.145846,61.707691,0,1
r,4,235,9.142462,79.361847,0,1
r,5,87,9.093231,96.718460,0,0
r,0,249,9.241538,9.385846,0,9
r,1,251,9.157230,27.066462,0,8
r,2,252,9.173846,44.594154,0,2
r,3,252,9.118154,62.137230,0,1
r,4,236,9.088000,79.513847,0,1
r,5,88,9.143077,96.597542,0,0
r,0,250,9.154462,9.299692,0,9
r,1,252,9.229846,26.897539,0,8
chkState = 4, hence failing
t,2
r,2,253,9.179692,29.903999,1,3
r,0,251,8.986154,9.043077,0,9
r,1,253,9.154154,26.163385,0,8
r,2,254,9.234154,43.883385,0,3
r,3,253,9.729539,62.195076,0,1
r,4,237,9.116307,79.468002,0,1
r,0,252,9.005231,9.062154,0,9
r,1,254,9.141846,25.755384,0,8
r,2,255,9.196308,43.610767,0,3
r,3,254,9.094461,61.172306,0,1
r,4,238,9.140307,78.583076,0,1
r,0,253,8.973538,9.029846,0,9
r,1,255,9.196308,26.414461,0,8
r,2,256,9.120615,43.862770,0,3
r,3,255,9.142462,61.515694,0,1
r,4,239,9.088923,78.791077,0,1
r,0,254,9.008000,9.064615,0,9
r,1,256,9.142154,25.745232,0,8
r,2,257,9.169847,43.329540,0,3
r,3,256,9.092000,60.834152,0,1
r,4,240,9.141231,77.916000,0,1
r,0,255,8.975077,9.031693,0,9
r,1,257,9.212923,26.156616,0,8
r,2,258,9.125539,43.885845,0,3
r,3,257,9.142769,61.635078,0,1
r,4,241,9.090769,79.027382,0,1
r,0,256,8.992616,9.048923,0,9
r,1,258,9.211385,26.175692,0,8
r,2,259,9.127384,43.817844,0,3
t,3
r,3,258,9.197230,82.314461,1,2
r,0,257,8.972000,9.028923,0,9
r,1,259,9.194154,26.134462,0,8
r,2,260,9.133846,43.889538,0,3
t,3
r,3,258,9.625846,82.552307,1,3
r,0,258,8.972000,9.028923,0,9
r,1,260,9.220923,26.059385,0,8
r,2,261,9.120000,43.795078,0,3
r,3,259,9.151692,61.251694,0,3
r,4,242,10.006154,79.707695,0,1
r,0,259,8.956615,9.013538,0,9
r,1,261,9.161846,26.237846,0,8
r,2,262,9.172923,44.203075,0,3
r,3,260,9.121538,61.654156,0,3
r,4,243,9.143385,79.210770,0,1
r,0,260,8.972308,9.028923,0,9
r,1,262,9.214461,26.240307,0,8
r,2,263,9.120923,43.871384,0,3
r,3,261,9.168000,61.335999,0,3
r,4,244,9.116307,78.533844,0,1
r,0,261,8.965846,9.022462,0,9
r,1,263,9.133846,26.292616,0,8
r,2,264,9.165846,44.014462,0,3
r,3,262,9.120923,61.374462,0,3
r,4,245,9.143385,78.876305,0,1
r,0,262,8.972000,9.028308,0,9
r,1,264,9.211385,25.752924,0,8
r,2,265,9.121231,43.527691,0,3
r,3,263,9.119385,60.959385,0,3
r,4,246,9.142462,78.274773,0,1
r,0,263,8.952923,9.009231,0,9
r,1,265,9.186153,25.912001,0,8
r,2,266,9.112923,43.225231,0,3
r,3,264,9.198462,60.873539,0,3
r,4,247,9.098154,78.223381,0,1
r,0,264,8.984923,9.041538,0,9
r,1,266,9.162769,26.293539,0,8
r,2,267,9.164308,44.235077,0,3
r,3,265,9.119077,61.340614,0,3
r,4,248,9.148616,78.737541,0,1
r,0,265,8.952616,9.009231,0,9
r,1,267,9.184923,25.979076,0,8
r,2,268,9.113231,43.629539,0,3
r,3,266,9.178769,61.213844,0,3
r,4,249,9.093846,78.855385,0,1
r,0,266,8.985230,9.041846,0,9
r,1,268,9.134769,26.195999,0,8
r,2,269,9.166154,44.099998,0,3
r,3,267,9.127692,61.495998,0,3
r,4,250,9.168615,79.296310,0,1
r,0,267,8.950769,9.007384,0,9
r,1,269,9.184923,26.086769,0,8
r,2,270,9.112923,43.680923,0,3
r,3,268,9.172923,61.205540,0,3
r,4,251,9.098154,78.559998,0,1
r,0,268,8.974462,9.031077,0,9
r,1,270,9.188000,26.071692,0,8
r,2,271,9.113539,43.560307,0,3
r,3,269,9.170462,60.749229,0,3
r,4,252,9.089847,78.029228,0,1
r,0,269,8.965538,9.022154,0,9
r,1,271,9.136616,26.259693,0,8
r,2,272,9.170154,44.049538,0,3
r,3,270,9.145230,61.403385,0,3
r,4,253,9.140924,78.812614,0,1
r,0,270,8.972308,9.028923,0,9
r,1,272,9.188000,26.191692,0,8
r,2,273,9.121231,43.950768,0,3
r,3,271,9.144615,61.371384,0,3
r,4,254,9.140307,78.934151,0,1
r,0,271,8.952923,9.009539,0,9
r,1,273,9.210770,26.145845,0,8
r,2,274,9.119692,43.837231,0,3
r,3,272,9.121231,61.160000,0,3
r,4,255,9.140615,78.632614,0,1
r,0,272,8.972000,9.028615,0,9
r,1,274,9.214461,25.946154,0,8
r,2,275,9.113231,43.784000,0,3
r,3,273,9.168000,60.816002,0,3
r,4,256,9.088307,77.543076,0,1
r,0,273,8.930154,8.986770,0,9
r,1,275,9.136308,26.090462,0,8
r,2,276,9.165231,43.375385,0,3
r,3,274,9.120923,60.826153,0,3
r,4,257,9.091077,77.997536,0,1
r,0,274,8.984615,9.041231,0,9
r,1,276,9.162769,26.366154,0,8
r,2,277,9.164000,44.245537,0,3
r,3,275,9.118154,61.659386,0,3
r,4,258,9.090462,79.047386,0,1
r,0,275,8.968000,9.024615,0,9
r,1,277,9.134154,25.952000,0,8
r,2,278,9.165231,43.700306,0,3
r,3,276,9.121846,60.670769,0,3
r,4,259,9.091077,77.823997,0,1
r,0,276,8.984615,9.041231,0,9
r,1,278,9.160308,26.359692,0,8
r,2,279,9.164308,43.837845,0,3
r,3,277,9.117846,61.110462,0,3
r,4,260,9.148000,78.736618,0,1
r,0,277,8.952923,9.009539,0,9
r,1,279,9.213231,26.118769,0,8
r,2,280,9.112923,43.890770,0,3
r,3,278,9.128923,61.266155,0,3
r,4,261,9.166769,78.872002,0,1
r,0,278,8.974462,9.031077,0,9
r,1,280,9.193231,26.125231,0,8
r,2,281,9.113539,43.498463,0,3
r,3,279,9.118154,60.841232,0,3
r,4,262,9.140000,78.239693,0,1
r,0,279,8.952923,9.008924,0,9
r,1,281,9.184615,26.004616,0,8
r,2,282,9.112616,43.452923,0,3
r,3,280,9.121846,60.882771,0,3
r,4,263,9.167077,78.180923,0,1
r,0,280,8.972000,9.028615,0,9
r,1,282,9.195077,25.903692,0,8
r,2,283,9.139384,43.474461,0,3
r,3,281,9.118154,60.879692,0,3
r,4,264,9.140615,78.272308,0,1
r,0,281,8.952923,9.009231,0,9
r,1,283,9.192307,25.951385,0,8
r,2,284,9.140615,43.694153,0,3
r,3,282,9.171077,61.244308,0,3
r,4,265,9.098461,78.537849,0,1
r,0,282,8.985230,9.041846,0,9
r,1,284,9.162461,26.183384,0,8
r,2,285,9.165846,44.062153,0,3
r,3,283,9.118154,61.328617,0,3
r,4,266,9.142462,78.900002,0,1
r,0,283,8.952923,9.008924,0,9
r,1,285,9.187385,26.070461,0,8
r,2,286,9.112923,43.451691,0,3
r,3,284,9.146770,60.767693,0,3
r,4,267,9.140924,78.051689,0,1
r,0,284,8.971692,9.028308,0,9
r,1,286,9.193846,26.115999,0,8
r,2,287,9.139077,43.931999,0,3
r,3,285,9.168307,61.487385,0,3
r,4,268,9.090462,78.880920,0,1
r,0,285,8.965538,9.022154,0,9
r,1,287,9.141846,26.292616,0,8
r,2,288,9.191384,44.047077,0,3
r,3,286,9.121231,61.534153,0,3
r,4,269,9.148308,79.149536,0,1
r,0,286,8.972000,9.028615,0,9
r,1,288,9.192924,25.980616,0,8
r,2,289,9.116615,43.545845,0,3
r,3,287,9.168307,61.195076,0,3
r,4,270,9.090769,78.471695,0,1
r,0,287,8.976615,9.032923,0,9
r,1,289,9.184615,26.183384,0,8
r,2,290,9.114769,43.897232,0,3
r,3,288,9.178461,61.608307,0,3
r,4,271,9.116307,78.944923,0,1
r,0,288,8.985230,9.041846,0,9
r,1,290,9.142154,26.194462,0,8
r,2,291,9.163692,43.909229,0,3
r,3,289,9.145538,61.481537,0,3
r,4,272,9.149846,79.188614,0,1
r,0,289,8.952923,9.009539,0,9
r,1,291,9.194769,26.138769,0,8
r,2,292,9.111077,43.815693,0,3
t,3
r,3,290,9.200615,82.021538,1,4
r,0,290,8.972923,9.029846,0,9
r,1,292,9.204616,26.634769,0,8
r,2,293,9.149538,44.057537,0,3
r,3,291,9.153846,61.803692,0,4
r,4,273,9.975693,80.000923,0,1
r,0,291,9.005538,9.062462,0,9
r,1,293,9.141231,25.950462,0,8
r,2,294,9.173538,43.462154,0,3
F,1530,1776