3,0,390,11.039077,11.216616,0,0
3,6,368,10.426461,33.662155,0,0
3,5,390,10.111077,54.106461,0,0
3,1,387,9.906462,74.564926,0,0
3,4,352,10.419077,0.058769,0,0
3,1,388,10.042461,20.064308,0,0
3,3,366,10.113231,40.213844,0,0
3,6,369,10.001231,60.627998,0,0
3,0,391,10.128,80.569542,0,0
3,0,392,10.132615,10.243692,0,0
3,1,389,10.151077,31.024,0,0
3,2,379,10.050769,51.444923,0,0
3,3,367,10.149231,71.864922,0,0
3,6,370,9.996615,92.328613,0,0
3,5,391,10.214461,10.469231,0,0
3,2,380,10.019692,31.334154,0,0
3,1,390,10.172308,51.907383,0,0
3,0,393,9.660923,9.717231,0,0
3,6,371,10.170462,29.049847,0,0
3,5,392,10.005538,49.565845,0,0
3,2,381,10.163384,69.708,0,0
3,4,353,9.995077,90.172615,0,0
3,2,382,10.267385,10.425846,0,0
3,4,354,10.003077,31.551077,0,0
3,1,391,10.134154,51.357231,0,0
3,0,394,10.060308,72.227997,0,0
3,3,368,10.152923,92.359695,0,0
3,5,393,10.070769,10.331693,0,0
3,0,395,10.152308,30.616922,0,0
3,6,372,10.055385,51.249229,0,0
3,2,383,10.149231,71.678459,0,0
3,4,355,10.057231,92.316307,0,0
3,3,369,10.154769,10.416924,0,0
3,4,356,10.067077,31.124308,0,0
3,2,384,10.132,51.207386,0,0
3,1,392,10.017231,71.914772,0,0
3,6,373,10.181847,92.075996,0,0
3,5,394,10.04,10.307384,0,0
3,6,374,10.192924,30.510155,0,0
3,3,370,10.004,51.138771,0,0
3,4,357,10.148308,71.324921,0,0
3,1,393,10.056616,91.704308,0,0
3,2,385,10.154769,10.416924,0,0
3,0,396,10.065538,31.108616,0,0
3,5,395,10.141539,51.560616,0,0
3,4,358,10.053846,72.136612,0,0
3,3,371,10.141539,92.535385,0,0
3,1,394,10.070154,10.329538,0,0
3,2,386,10.132308,30.755077,0,0
3,3,372,10.055693,51.17754,0,0
3,6,375,10.134154,71.354462,0,0
3,4,359,10.002461,92.152618,0,0
3,0,397,10.183077,10.437846,0,0
3,2,387,10.024307,31.166153,0,0
3,1,395,10.180923,51.41354,0,0
3,6,376,10.011385,72.194153,0,0
3,5,396,10.135693,92.28923,0,0
3,3,373,10.037539,10.304923,0,0
3,6,377,10.192307,30.460615,0,0
3,0,398,10.009539,51.178768,0,0
3,1,396,10.179384,71.379997,0,0
3,2,388,10.021846,92.364311,0,0
3,4,360,10.183385,10.438154,0,0
3,3,374,10.027385,31.398462,0,0
3,6,378,10.180923,51.791691,0,0
3,0,399,10.008924,72.426765,0,0
3,5,397,10.143385,92.585846,0,0
3,2,389,10.071077,10.330462,0,0
3,4,361,10.155077,30.493847,0,0
3,0,400,10.003077,50.963692,0,0
3,3,375,10.125231,70.731689,0,0
3,5,398,10.063077,91.255074,0,0
3,6,379,10.151384,10.413539,0,0
3,0,401,10.043693,31.192923,0,0
3,1,397,10.141539,51.439999,0,0
3,5,399,10.004,72.039383,0,0
3,3,376,10.125539,91.902771,0,0
3,4,362,10.071077,10.330462,0,0
3,1,398,10.155077,30.493538,0,0
3,3,377,10.053846,51.017231,0,0
3,5,400,10.149231,71.236923,0,0
3,0,402,10.054153,91.860001,0,0
3,2,390,10.154462,10.413231,0,0
3,1,399,10.068,30.939077,0,0
3,3,378,10.140924,51.244308,0,0
3,0,403,10.060308,71.797539,0,0
3,5,401,10.135693,91.811073,0,0
3,4,363,10.037539,10.304923,0,0
3,3,379,9.60523,39.456924,0,0
3,2,391,10.002153,59.71323,0,0
3,5,402,10.185846,79.844002,0,0
3,6,380,10.571692,10.682769,0,1
3,1,400,10.128,31.185539,0,0
3,2,392,10.046461,51.73354,0,0
3,4,364,10.134154,72.153229,0,0
3,3,380,9.995384,92.935997,0,0
3,5,403,10.177539,10.432307,0,0
3,2,393,10.017846,31.212307,0,0
3,3,381,10.174154,51.528923,0,0
3,4,365,10.011692,72.566772,0,0
3,0,404,10.173846,92.898766,0,0
3,1,401,10.029846,10.297231,0,0
3,3,382,10.185846,30.516001,0,0
3,2,394,10.004616,51.046154,0,0
3,6,381,10.180307,71.118156,0,1
3,4,366,10.006461,91.835693,0,0
3,5,404,10.177846,10.431692,0,0
3,0,405,10.019384,31.326155,0,0
3,3,383,10.172923,51.784309,0,0
3,1,402,10.009846,72.666458,0,0
3,6,382,10.174154,92.82,0,1
3,4,367,10.030154,10.296616,0,0
3,3,384,10.184923,30.535076,0,0
3,5,405,10.003077,51.414768,0,0
3,6,383,10.180307,71.511383,0,1
3,1,403,10.005231,92.185539,0,0
3,0,406,10.177231,10.432,0,0
3,6,384,10.020923,30.81077,0,1
3,2,395,10.171077,50.771385,0,0
3,5,406,10.012,71.488304,0,0
3,1,404,10.174461,91.336922,0,0
3,4,368,10.031384,10.297846,0,0
3,0,407,10.184923,30.622154,0,0
3,3,385,10.003077,51.647076,0,0
3,2,396,10.127077,71.455696,0,0
3,6,385,10.045539,92.099693,0,1
3,1,405,10.144,10.406154,0,0
3,5,407,10.040615,30.676615,0,0
3,3,386,10.133538,50.858463,0,0
3,4,369,10.047077,71.503387,0,0
3,0,408,10.125539,91.760925,0,0
3,2,397,10.064923,10.324307,0,0
3,5,408,10.147693,30.756615,0,0
3,1,406,9.996,51.390461,0,0
3,6,386,10.177846,70.923691,0,1
3,3,387,10.005231,91.376305,0,0
3,0,409,10.174769,10.429539,0,0
3,2,398,10.016923,31.366154,0,0
3,6,387,10.173231,51.675694,0,1
3,1,407,10.009539,72.636002,0,0
3,4,370,10.174154,92.444618,0,0
3,3,388,10.030461,10.297846,0,0
3,5,409,10.185538,30.503077,0,0
3,2,399,10.003385,51.182156,0,0
3,6,388,10.172923,71.227692,0,1
3,4,371,10.002153,92.125229,0,0
3,0,410,10.172308,10.428616,0,0
3,5,410,9.995384,31.146461,0,0
3,4,372,10.173538,51.340309,0,0
3,2,400,10.003385,72.070465,0,0
3,3,389,10.164308,91.92308,0,0
3,1,408,10.030154,10.296616,0,0
3,0,411,10.185231,30.507385,0,0
3,5,411,10.003693,51.39077,0,0
3,6,389,10.126769,71.332924,0,1
3,2,401,10.043077,92.099998,0,0
3,4,373,10.146153,10.408308,0,0
3,1,409,10.039385,31.049538,0,0
3,5,412,10.133538,51.186462,0,0
3,2,402,10.047692,71.998154,0,0
3,3,390,10.125539,92.426155,0,0
3,6,390,10.062769,10.323692,0,1
3,3,391,10.147693,30.776615,0,0
3,2,403,10.048307,51.504616,0,0
3,5,413,10.132,71.737541,0,0
3,0,412,10.05477,92.503998,0,0
3,4,374,10.147385,10.409538,0,0
3,1,410,10.058154,31.085539,0,0
3,0,413,10.132923,51.50769,0,0
3,5,414,10.053846,72.104309,0,0
3,6,391,10.135693,92.387383,0,1
3,3,392,10.064308,10.323692,0,0
3,4,375,10.148308,30.749846,0,0
3,1,411,10.046461,51.282768,0,0
3,6,392,10.140924,71.792618,0,1
3,0,414,10.046769,92.313538,0,0
3,2,404,10.14523,10.407385,0,0
3,4,376,10.058461,30.915384,0,0
3,0,415,10.133846,51.405846,0,0
3,1,412,10.051077,72.067383,0,0
3,6,393,10.126154,92.04554,0,1
3,3,393,10.023077,10.282461,0,0
3,2,405,10.146153,30.620001,0,0
3,6,394,10.044616,50.906155,0,1
3,0,416,10.127077,70.947998,0,0
3,1,413,10.006769,91.506767,0,0
3,5,415,10.176923,10.43323,0,0
3,2,406,9.995077,31.211077,0,0
3,1,414,10.173231,51.069847,0,0
3,0,416,10.483077,72.384003,0,0
3,6,395,10.167384,92.425537,0,1
3,3,394,10.033231,10.299077,0,0
3,2,407,10.185231,30.28677,0,0
3,4,377,9.996307,51.108307,0,0
3,0,417,10.140615,70.910461,0,0
3,1,415,10.048307,91.369537,0,0
3,6,396,10.145846,10.408,0,1
3,5,416,10.060616,31.084309,0,0
3,3,395,10.125231,51.080921,0,0
3,2,408,9.999385,71.460304,0,0
3,0,418,10.180307,91.269234,0,0
3,4,378,10.031693,10.298154,0,0
3,0,419,10.183077,30.536308,0,0
3,1,416,10.000923,51.113537,0,0
3,6,397,10.178154,71.208,0,1
3,5,417,10.004923,91.577843,0,0
3,3,396,10.175693,10.430462,0,0
3,0,420,10.019384,31.151691,0,0
3,6,398,10.171385,51.69754,0,1
3,2,409,10.010154,72.437843,0,0
3,4,379,10.174769,92.607689,0,0
3,1,417,10.030461,10.297846,0,0
3,2,410,10.182769,30.5,0,0
3,5,418,10.004923,51.279694,0,0
3,0,421,10.124923,71.324921,0,0
3,4,380,9.98677,91.748306,0,0
3,6,399,10.181847,10.436615,0,1
3,5,419,10.006461,31.209846,0,0
3,2,411,10.171077,51.323692,0,0
3,3,397,10.003693,72.115692,0,0
3,4,381,10.164923,92.28923,0,0
3,0,422,10.030769,10.296616,0,0
3,6,400,10.184923,30.493538,0,1
3,5,420,10.002769,51.408615,0,0
3,1,418,10.180307,71.533539,0,0
3,2,412,10.003077,92.152924,0,0
3,4,382,10.177846,10.432615,0,0
3,5,421,10.019077,31.299692,0,0
3,3,398,10.171077,51.684921,0,0
3,0,423,10.000615,72.50708,0,0
3,1,419,10.182462,92.201843,0,0
3,6,401,10.030154,10.296616,0,1
3,0,424,10.185846,30.516924,0,0
3,4,383,9.996615,51.359077,0,0
3,3,399,10.131385,71.467384,0,0
3,5,422,10.055385,92.226768,0,0
3,2,413,10.14677,10.408923,0,0
3,1,420,10.060616,31.089846,0,0
3,5,423,10.127384,51.253845,0,0
3,3,400,10.03723,72.590767,0,0
3,4,384,10.152923,92.643387,0,0
3,6,402,10.051385,10.318769,0,1
3,1,421,10.166462,30.627384,0,0
3,2,414,10.024307,51.517231,0,0
3,3,401,10.156923,71.623695,0,0
3,0,425,10.024307,92.608925,0,0
3,4,385,10.156923,10.411693,0,0
3,2,415,10.037539,31.356308,0,0
3,6,403,10.105846,51.511078,0,1
3,3,402,10.072616,72.06308,0,0
3,0,426,10.115077,92.129234,0,0
3,5,424,10.086461,10.347384,0,0
3,1,422,10.126769,30.886461,0,0
3,0,427,10.067693,51.780308,0,0
3,6,404,10.10523,71.882767,0,1
3,2,416,10.073231,92.400002,0,0
3,4,386,10.125846,10.388,0,0
3,3,403,10.062769,31.103693,0,0
3,6,405,10.112308,51.408615,0,1
3,1,423,10.065538,71.871689,0,0
3,2,417,10.097538,92.201233,0,0
3,5,425,10.049846,10.316308,0,0
3,1,424,10.166154,30.509846,0,0
3,2,418,10.024307,51.165848,0,0
3,3,404,10.156923,71.347694,0,0
3,4,387,10.027385,92.279388,0,0
3,0,428,10.154769,10.411077,0,0
3,1,425,10.041231,31.103384,0,0
3,6,406,10.152308,51.511078,0,1
3,3,405,10.023692,72.087074,0,0
3,2,419,10.148616,92.168922,0,0
3,4,388,10.047077,10.314462,0,0
3,0,429,10.144308,30.481846,0,0
3,3,406,10.024615,51.140308,0,0
3,1,426,10.152,71.231384,0,0
3,6,407,10.014153,91.815079,0,1
3,2,420,10.156615,10.411385,0,0
3,0,430,10.037539,31.344616,0,0
3,4,389,10.105538,51.609539,0,0
3,3,407,10.074462,72.194458,0,0
3,5,426,10.117538,92.626465,0,0
3,1,427,10.084,10.343385,0,0
3,2,421,10.124923,30.587692,0,0
3,6,408,10.066154,51.333229,0,1
3,3,408,10.120308,71.804924,0,0
3,4,390,10.068308,92.195694,0,0
3,5,427,10.126462,10.388616,0,0
3,0,431,10.08,31.063999,0,0
3,6,409,10.112,51.504925,0,1
3,1,428,10.075077,71.804924,0,0
3,4,391,10.115077,92.01754,0,0
3,2,422,10.084923,10.344308,0,0
3,6,410,10.126769,30.556307,0,1
3,0,432,10.066154,51.206768,0,0
3,5,428,10.120615,71.549843,0,0
3,1,429,10.068615,92.208,0,0
3,3,409,10.126462,10.388616,0,0
3,5,429,10.081846,31.069231,0,0
3,1,430,10.114769,51.556923,0,0
3,4,392,10.065538,72.294769,0,0
3,0,433,10.111077,92.742462,0,0
3,6,411,10.080923,10.340307,0,1
3,4,393,10.104,30.492308,0,0
3,1,431,10.069846,50.534153,0,0
3,3,410,10.113846,70.774773,0,0
3,5,430,10.061846,91.32708,0,0
3,0,434,10.118462,10.374769,0,0
3,3,411,10.038769,31.236923,0,0
3,4,394,10.151692,51.641846,0,0
3,1,432,10.025846,72.474152,0,0
3,5,431,10.114769,92.761848,0,0
3,6,412,10.088,10.347384,0,1
3,5,432,10.126769,30.454769,0,0
3,1,433,10.066462,51.280308,0,0
3,2,423,10.103692,71.226463,0,0
3,3,412,10.022769,91.947998,0,0
3,0,435,10.153846,10.408615,0,0
3,4,395,10.014153,31.203691,0,0
3,1,434,10.152308,51.442768,0,0
3,3,413,10.024615,72.233849,0,0
3,5,433,10.143077,92.455696,0,0
3,6,413,10.049846,10.316308,0,1
3,0,436,10.163692,30.504307,0,0
3,2,424,10.015385,51.10923,0,0
3,3,414,10.719384,10.775692,0,0
3,6,414,10.028308,31.625538,0,1
3,4,396,10.103692,51.664307,0,0
3,0,437,10.064923,72.178154,0,0
3,5,434,10.096616,92.539696,0,0
3,2,425,10.091077,10.351384,0,0
3,3,415,10.122154,30.686462,0,0
3,0,438,10.076,51.563385,0,0
3,1,435,10.112308,71.751381,0,0
3,6,415,10.076,92.179382,0,1
3,5,435,10.128307,10.390462,0,0
3,3,416,10.082769,30.912615,0,0
3,6,416,10.103692,51.28923,0,1
3,2,426,10.028615,71.90123,0,0
3,0,439,10.154154,91.936615,0,0
4,1,,,,,
3,1,436,9.980616,31.150461,1,1
3,3,417,10.011077,51.575691,0,0
3,4,397,10.150461,71.907692,0,0
3,2,427,10.088,10.351077,0,0
3,6,417,10.181539,30.5,0,1
3,3,418,10.096308,51.434155,0,0
3,5,436,10.124308,71.853844,0,0
3,4,398,10.098461,92.478462,0,0
3,0,440,10.195692,10.450461,0,0
3,3,419,10.098769,31.496614,0,0
3,2,428,10.186769,52.284,0,0
3,1,437,10.107077,73.055382,0,1
3,4,399,10.124308,93.30246,0,0
3,5,437,10.181847,10.457846,0,0
3,3,420,10.147385,31.344,0,0
3,4,400,10.107385,52.265537,0,0
3,6,418,10.194154,73.042152,0,1
3,0,441,10.096923,93.956001,0,0
3,2,429,10.191384,10.446154,0,0
3,6,419,10.120615,31.565538,0,1
3,4,401,10.186461,52.50523,0,0
3,5,438,10.113846,73.503075,0,0
3,0,442,10.126154,93.921539,0,0
3,3,421,10.182154,10.458154,0,0
3,4,402,10.149538,31.374462,0,0
3,2,430,10.164923,52.528923,0,0
3,0,443,10.138461,73.555695,0,0
3,1,438,10.156,94.503693,0,1
3,6,420,10.148,10.410153,0,1
3,3,422,10.178769,31.306768,0,0
3,4,403,10.134154,52.391075,0,0
3,5,439,10.170154,73.351074,0,0
3,1,439,10.125846,94.122154,0,1
3,0,444,10.181847,10.457846,0,0
3,4,404,10.14677,31.328308,0,0
3,5,440,10.164616,52.257847,0,0
3,1,440,10.135693,73.166153,0,1
3,6,421,10.098154,93.935997,0,1
3,3,423,10.198462,10.454769,0,0
3,1,441,10.097538,31.492924,0,1
3,6,422,10.132923,52.057537,0,1
3,0,445,10.163384,72.879997,0,0
3,2,431,10.124308,93.935997,0,0
3,5,441,10.182462,10.458462,0,0
3,2,432,10.148308,31.325232,0,0
3,3,424,10.10677,52.143078,0,0
3,1,442,10.135693,72.585846,0,1
3,6,423,10.096616,93.334152,0,1
3,0,446,10.196308,10.451077,0,0
3,1,443,10.096616,31.271999,0,1
3,2,433,10.188616,51.974155,0,0
3,5,442,10.10677,73.026154,0,0
3,6,424,10.124,93.484306,0,1
3,4,405,10.184615,10.460615,0,0
3,5,443,10.148923,31.404308,0,0
3,6,425,10.164923,52.24123,0,1
3,1,444,10.141539,73.105537,0,1
3,3,425,10.155692,93.911079,0,0
3,2,434,10.146153,10.408308,0,0
3,5,444,10.176308,31.217846,0,0
3,0,447,10.132615,52.118771,0,0
3,1,445,10.17077,72.986771,0,1
3,4,406,10.124,93.561844,0,0
3,6,426,10.182462,10.458462,0,1
3,3,426,10.146461,31.330462,0,0
3,5,445,10.164923,52.234768,0,0
3,4,407,10.134769,73.142464,0,0
3,2,435,10.162154,94.064308,0,0
3,1,446,10.148,10.406769,0,1
3,6,427,10.178461,31.158461,0,1
3,4,408,10.132,52.110462,0,0
3,5,446,10.169538,72.919693,0,0
3,3,427,10.126154,93.867691,0,0
3,2,436,10.182154,10.458154,0,0
3,4,409,10.148923,31.380922,0,0
3,5,447,10.165231,52.323692,0,0
3,1,447,10.141539,73.239388,0,1
3,6,428,10.097846,94.033844,0,1
3,0,448,10.195077,10.449846,0,0
3,1,448,10.123077,31.430769,0,1
3,4,410,10.187077,52.130768,0,0
3,3,428,10.107693,72.870766,0,0
3,5,448,10.125846,93.276306,0,0
3,6,429,10.184923,10.460923,0,1
3,2,437,10.123384,31.444,0,0
3,3,429,10.164616,52.109539,0,0
3,5,449,10.135077,72.96769,0,0
3,4,411,10.097538,93.596619,0,0
3,1,449,10.190769,10.445539,0,1
3,2,438,10.120615,31.444,0,0
3,3,430,10.188923,52.041847,0,0
3,5,450,10.114462,72.90831,0,0
3,0,449,10.124308,93.439079,0,0
3,6,430,10.182769,10.458769,0,1
3,4,412,10.148616,31.395077,0,0
3,1,450,10.107077,52.125538,0,1
3,5,451,10.133231,72.593231,0,0
3,2,439,10.162154,93.58123,0,0
3,3,431,10.148,10.410153,0,0
3,2,440,10.176616,31.296616,0,0
3,0,450,10.134154,52.251385,0,0
3,5,452,10.172615,73.248001,0,0
3,6,431,10.126154,94.024612,0,1
3,1,451,10.182154,10.458154,0,1
3,5,453,10.148616,31.359077,0,0
3,2,441,10.164308,52.266769,0,0
3,6,432,10.139384,73.095078,0,1
3,4,413,10.156,93.742462,0,0
3,0,451,10.148308,10.410461,0,0
3,3,432,10.176308,31.093231,0,0
3,2,442,10.133846,51.953537,0,0
3,1,452,10.173231,72.927383,0,1
3,4,414,10.126462,94.006767,0,0
3,5,454,10.182769,10.458769,0,0
3,3,433,10.147385,31.393847,0,0
3,6,433,10.104615,52.34277,0,1
3,4,415,10.189231,73.119385,0,0
3,1,453,10.098769,93.969231,0,1
3,2,443,10.195692,10.450461,0,0
3,5,455,10.096308,31.486155,0,0
3,3,434,10.132923,51.916924,0,0
3,1,454,10.164,72.72123,0,1
3,0,452,10.124,93.610153,0,0
3,6,434,10.182154,10.458154,0,1
3,2,444,10.146461,31.378462,0,0
3,5,456,10.165231,52.471386,0,0
3,0,453,10.135077,73.261536,0,0
3,1,455,10.097846,93.891075,0,1
3,3,435,10.198153,10.454769,0,0
3,6,435,10.097538,31.590155,0,1
3,0,454,10.133231,52.020615,0,0
3,2,445,10.164,72.68,0,0
3,4,416,10.126462,93.170769,0,0
3,1,456,10.182769,10.458769,0,1
3,3,436,10.148308,31.383385,0,0
3,5,457,10.104308,52.194153,0,0
3,6,436,10.188308,72.780617,0,1
3,2,446,10.096308,93.784615,0,0
3,0,455,10.190461,10.44523,0,0
3,1,457,10.102462,31.371693,0,1
3,2,447,10.185538,52.019386,0,0
3,3,437,10.107693,73.025536,0,0
3,4,417,10.177846,93.488617,0,0
3,6,437,10.133846,10.409846,0,1
3,3,438,10.155692,31.228615,0,0
3,4,418,10.159693,52.264,0,0
3,5,458,10.126154,73.072922,0,0
3,2,448,10.10677,93.725845,0,0
3,0,456,10.158154,10.420308,0,0
3,1,458,10.150154,31.066769,0,1
3,4,419,10.132923,51.749847,0,0
3,3,439,10.114462,72.71785,0,0
3,2,449,10.171385,93.454773,0,0
3,5,459,10.138769,10.42277,0,0
3,3,440,10.194154,31.265539,0,0
3,4,420,10.113231,52.42646,0,0
3,0,457,10.176923,73.043694,0,0
3,6,438,10.114462,93.923386,0,1
3,1,459,10.186769,10.441539,0,1
3,0,458,10.127077,31.551384,0,0
3,2,450,10.18,52.349537,0,0
3,3,441,10.12,72.999695,0,0
3,4,421,10.173231,93.731384,0,0
3,6,439,10.140924,10.424923,0,1
3,3,442,10.194462,31.068924,0,0
3,0,459,10.10523,52.05077,0,0
3,1,460,10.139077,72.403694,0,1
3,4,422,10.157538,93.179695,0,0
3,5,460,10.155385,10.417539,0,0
3,4,423,10.171692,31.382154,0,0
3,1,461,10.139692,52.535385,0,1
3,0,460,10.163692,73.571075,0,0
3,2,451,10.131692,94.527382,0,0
3,6,440,10.175693,10.451693,0,1
3,2,452,10.153231,31.385538,0,0
3,5,461,10.157538,52.336617,0,0
3,3,443,10.142462,73.289848,0,0
3,1,462,10.154462,94.215691,0,1
3,4,424,10.155385,10.417539,0,0
3,0,461,10.171692,31.384308,0,0
3,3,444,10.140615,52.283386,0,0
3,1,463,10.165539,73.234772,0,1
3,5,462,10.133231,94.077232,0,0
3,6,441,10.176923,10.453846,0,1
3,5,463,10.153231,31.389538,0,0
3,1,464,10.10523,52.190155,0,1
3,4,425,10.189538,72.807076,0,0
3,3,445,10.10523,93.594772,0,0
3,0,462,10.187385,10.442154,0,0
3,2,453,10.128,31.465231,0,0
3,4,426,10.18,51.945538,0,0
3,5,464,10.12,72.596924,0,0
3,1,465,10.126769,93.284615,0,1
3,3,446,10.175385,10.451385,0,0
3,4,427,10.152923,31.364,0,0
3,0,463,10.158154,52.079079,0,0
3,6,442,10.133538,72.73877,0,1
3,5,465,10.165231,93.667694,0,0
3,1,466,10.155077,10.417231,0,1
3,6,443,10.169847,30.995693,0,1
3,2,454,10.139077,51.939075,0,0
3,4,428,10.155077,72.737846,0,0
3,0,464,10.142462,93.53569,0,0
3,5,466,10.175385,10.451385,0,0
3,4,429,10.155077,31.392,0,0
3,3,447,10.158154,51.914463,0,0
3,2,455,10.148616,72.894463,0,0
3,6,444,10.098154,93.640923,0,1
3,0,465,10.184615,10.439384,0,0
3,1,467,10.130154,31.667385,0,1
3,3,448,10.182462,52.491077,0,0
3,4,430,10.120615,73.455383,0,0
3,5,467,10.174461,94.270462,0,0
3,2,456,10.140924,10.425538,0,0
3,6,445,10.193846,31.188923,0,1
3,1,468,10.113539,52.320614,0,1
3,0,466,10.135385,72.868309,0,0
3,5,468,10.15723,93.632004,0,0
3,4,431,10.153846,10.416,0,0
3,5,469,9.571077,39.883385,0,0
3,2,457,10.138461,60.234768,0,0
3,0,467,10.164616,81.075386,0,0
3,4,432,10.214769,10.342462,0,0
3,5,470,10.131692,31.381231,0,0
3,2,458,10.188,52.460617,0,0
3,6,446,10.596,73.948311,0,2
3,3,450,9.442462,9.498769,0,0
3,6,447,10.126769,29.788307,0,2
3,5,471,10.142462,50.694771,0,0
3,0,468,10.157538,71.252617,0,0
3,1,469,10.131077,92.198769,0,1
3,4,433,10.14,10.424,0,0
3,5,472,10.196308,30.800308,0,0
3,3,451,10.107693,51.454769,0,0
3,0,469,10.146461,72.160614,0,0
3,1,470,10.151384,93.06646,0,1
3,6,448,10.153231,10.408,0,2
3,0,470,10.131692,31.008923,0,0
3,4,434,10.184923,51.628922,0,0
3,3,452,10.116307,72.751076,0,0
3,5,473,10.135385,93.296616,0,0
3,2,459,10.178154,10.455077,0,0
3,1,470,10.636616,31.846153,0,1
3,5,474,10.155692,52.881847,0,0
3,3,453,10.148,73.96492,0,0
3,4,435,10.149538,94.756615,0,0
3,6,449,10.152,10.414154,0,2
3,1,471,10.171692,31.117846,0,1
3,2,460,10.140924,52.143078,0,0
3,3,454,10.107077,72.66523,0,0
3,0,471,10.123384,93.07354,0,0
3,4,436,10.180307,10.457846,0,0
3,2,461,10.131077,31.200001,0,0
3,6,450,10.107077,51.239079,0,2
3,3,455,10.134769,71.538155,0,0
3,0,472,10.149538,92.458458,0,0
3,5,475,10.154462,10.416615,0,0
3,1,472,10.172,31.356001,0,1
3,0,473,10.140615,51.91354,0,0
3,6,451,10.165539,72.783997,0,2
3,2,462,10.131077,93.615074,0,0
3,4,437,10.175693,10.451693,0,0
3,3,456,10.154462,31.383692,0,0
3,6,452,10.107077,52.260307,0,2
3,1,473,10.187385,72.633537,0,1
3,2,463,10.104923,93.734459,0,0
3,5,476,10.186153,10.44,0,0
3,1,474,10.130462,31.579693,0,1
3,2,464,10.133231,52.268307,0,0
3,3,457,10.165539,73.11969,0,0
3,4,438,10.132615,93.984619,0,0
3,0,474,10.175385,10.451385,0,0
3,1,475,10.153846,31.355078,0,1
3,6,453,10.104615,52.13446,0,2
3,3,458,10.189538,72.850464,0,0
3,2,465,10.103077,93.783386,0,0
3,4,439,10.188308,10.443077,0,0
3,0,475,10.128615,31.222462,0,0
3,3,459,10.181847,52.199692,0,0
3,1,476,10.113846,73.21077,0,1
3,6,454,10.126769,93.763077,0,2
3,2,466,10.180307,10.456307,0,0
3,0,476,10.131077,31.171385,0,0
3,4,440,10.108,51.846153,0,0
3,3,460,10.181231,72.564926,0,0
3,5,477,10.10523,93.46431,0,0
3,1,477,10.186769,10.441539,0,1
3,2,467,10.127692,31.560616,0,0
3,6,455,10.182154,52.381847,0,2
3,3,461,10.111384,73.520309,0,0
3,4,441,10.181539,94.176613,0,0
3,5,478,10.140307,10.423385,0,0
3,0,477,10.194154,31.050461,0,0
3,6,456,10.113231,51.763691,0,2
3,1,478,10.135077,72.228615,0,1
3,4,442,10.098154,92.860001,0,0
3,2,468,10.188923,10.443692,0,0
3,6,457,10.103385,31.460308,0,2
3,0,478,10.182154,51.924309,0,0
3,5,479,10.114154,72.78492,0,0
3,1,479,10.126462,93.419693,0,1
3,3,462,10.175385,10.451385,0,0
3,5,480,10.156923,31.388924,0,0
3,1,480,10.158154,52.469845,0,1
3,4,443,10.141539,73.35508,0,0
3,0,479,10.097846,94.009537,0,0
3,6,458,10.191384,10.448,0,2
3,4,444,10.105538,31.561232,0,0
3,1,481,10.179692,52.174152,0,1
3,3,463,10.114154,73.323997,0,0
3,5,481,10.171385,94.165848,0,0
3,0,480,10.138461,10.421538,0,0
3,3,464,10.196308,31.348616,0,0
3,4,445,10.111077,52.42123,0,0
3,1,482,10.187385,73.140923,0,1
3,5,482,10.104923,94.005539,0,0
3,6,459,10.186769,10.441539,0,2
3,5,483,10.128307,31.562769,0,0
3,1,483,10.184,52.335384,0,1
3,2,469,10.117538,73.184616,0,0
3,3,465,10.173846,94.102768,0,0
3,0,481,10.138154,10.42277,0,0
3,4,446,10.194769,31.273539,0,0
3,1,484,10.113539,52.355999,0,1
3,3,466,10.135077,73.031075,0,0
3,5,484,10.098154,93.427689,0,0
3,6,460,10.191384,10.446462,0,2
3,0,482,10.104,31.571384,0,0
3,2,470,10.18,51.991386,0,0
3,3,467,10.112,72.649536,0,0
3,5,485,10.173846,93.111694,0,0
3,4,447,10.140924,10.424923,0,0
3,0,483,10.194154,31.062462,0,0
3,3,468,10.10677,52.018463,0,0
3,6,461,10.148923,72.664925,0,2
3,5,486,10.149846,93.489227,0,0
3,2,471,10.154154,10.416307,0,0
3,5,487,10.172,31.214153,0,0
3,1,485,10.140924,52.307999,0,1
3,3,469,10.097846,72.840614,0,0
3,0,484,10.187385,93.440002,0,0
3,4,448,10.141539,10.425538,0,0
3,2,472,10.193539,31.309231,0,0
3,0,485,10.112923,52.140308,0,0
3,1,486,10.187385,72.779694,0,1
3,6,462,10.105538,93.724617,0,2
3,5,488,10.188308,10.443077,0,0
3,6,463,10.128,31.23477,0,2
3,2,473,10.182154,51.795078,0,0
3,0,486,10.119077,72.808617,0,0
3,4,449,10.126154,93.259689,0,0
3,3,470,10.176923,10.453846,0,0
3,2,474,10.153539,31.381231,0,0
3,4,450,10.158154,52.478153,0,0
3,6,464,10.147693,73.515381,0,2
3,1,487,10.098154,94.186462,0,1
3,5,489,10.184923,10.439692,0,0
3,0,487,10.126462,31.668922,0,0
3,3,471,10.182154,52.607693,0,0
3,1,488,10.113846,73.49015,0,1
3,6,465,10.179077,94.10154,0,2
3,2,475,10.140615,10.424616,0,0
3,6,466,10.194462,31.196922,0,2
3,0,488,10.110769,52.443691,0,0
3,1,489,10.186769,73.239693,0,1
3,3,472,10.104923,94.333542,0,0
3,4,451,10.184923,10.439692,0,0
3,6,467,10.130154,31.66,0,2
3,5,490,10.132615,52.355694,0,0
3,1,490,10.165539,73.337845,0,1
3,3,473,10.132923,94.177231,0,0
3,2,476,10.175693,10.453231,0,0
3,4,452,10.156923,31.271385,0,0
3,1,491,10.160308,52.42923,0,1
3,0,489,10.129847,73.052307,0,0
3,3,474,10.155385,93.748619,0,0
3,5,491,10.154462,10.416615,0,0
3,0,490,10.169538,31.348923,0,0
3,6,468,10.140615,52.45446,0,2
3,2,477,10.163692,73.288307,0,0
3,4,453,10.133538,94.191078,0,0
3,3,475,10.177539,10.453539,0,0
3,4,454,10.155692,31.303692,0,0
3,2,478,10.158462,52.176617,0,0
3,1,492,10.141539,73.109848,0,1
3,6,469,10.155077,93.937843,0,2
3,5,492,10.154769,10.413539,0,0
3,6,470,10.168923,31.303692,0,2
3,3,476,10.140924,52.282768,0,0
3,4,455,10.163384,73.118767,0,0
3,1,493,10.132308,94.125847,0,1
3,2,479,10.176923,10.452923,0,0
3,0,491,10.154769,31.387691,0,0
3,5,493,10.158154,52.429539,0,0
3,4,456,10.142769,73.349846,0,0
3,3,477,10.096308,94.118767,0,0
3,1,494,10.183692,10.44,0,1
3,2,480,10.103692,31.407692,0,0
3,3,478,10.190461,52.007385,0,0
3,6,471,10.116615,72.813538,0,2
3,4,457,10.171385,93.570152,0,0
3,0,492,10.140924,10.424923,0,0
3,2,481,10.192,31.062462,0,0
3,1,495,10.112923,51.82523,0,1
3,6,472,10.181539,72.610153,0,2
3,5,494,10.106153,93.515381,0,0
3,3,479,10.154154,10.416307,0,0
3,6,473,10.171077,31.214462,0,2
3,0,493,10.141231,52.250153,0,0
3,1,496,10.157538,72.878151,0,1
3,2,482,10.131385,93.605537,0,0
3,4,458,10.178154,10.462153,0,0
3,3,480,10.161846,31.440308,0,0
3,6,474,10.149231,52.280308,0,2
3,0,494,10.148308,72.72554,0,0
3,5,495,10.147693,93.480614,0,0
3,2,483,10.150769,10.405539,0,0
3,4,459,10.162461,31.171692,0,0
3,0,495,10.146153,52.248001,0,0
3,3,481,10.155692,73.072311,0,0
3,5,496,10.139692,93.954773,0,0
3,6,475,10.176308,10.460308,0,2
3,0,496,10.161846,31.029846,0,0
3,1,497,10.148616,52.096924,0,1
3,5,497,10.132923,72.783073,0,0
3,3,482,10.119692,93.599388,0,0
3,4,460,10.188616,10.450769,0,0
3,1,498,10.136616,31.374153,0,1
3,3,483,10.173846,52.408306,0,0
3,5,498,10.12923,73.33754,0,0
3,0,497,10.165539,94.109848,0,0
3,2,484,10.137846,10.413846,0,0
3,1,499,10.187077,31.323999,0,1
3,3,484,10.122154,52.394463,0,0
3,0,498,10.181539,73.347076,0,0
3,5,499,10.113846,94.280617,0,0
3,4,461,10.189538,10.451693,0,0
3,6,476,10.138461,31.492308,0,2
3,3,485,10.174154,52.395386,0,0
3,2,485,10.126462,73.491692,0,0
3,5,500,10.125846,94.134766,0,0
3,1,500,10.176923,10.460923,0,1
3,2,486,10.159693,31.318462,0,0
3,3,486,10.149231,52.387077,0,0
3,5,501,10.155692,73.096001,0,0
3,4,462,10.138769,93.548309,0,0
3,6,477,10.153539,10.407385,0,2
3,2,487,10.160615,31.205538,0,0
3,3,487,10.132923,51.903385,0,0
3,4,463,10.127384,72.759079,0,0
3,0,499,10.166769,93.504921,0,0
3,1,501,10.14,10.416,0,1
3,3,488,10.187077,30.567692,0,0
3,2,488,10.120308,51.392616,0,0
3,6,478,10.184308,72.092308,0,2
3,4,464,10.113846,92.861229,0,0
3,5,502,10.188,10.450154,0,0
3,0,500,10.136616,31.384001,0,0
3,3,489,10.174461,51.891998,0,0
3,1,502,10.127077,73.06646,0,1
3,6,479,10.165539,93.630768,0,2
3,4,465,10.140307,10.416307,0,0
3,5,503,9.579692,39.855694,0,0
3,6,480,10.122461,60.338768,0,2
3,1,503,10.183385,81.177231,0,1
3,2,489,10.207077,10.334769,0,0
3,6,481,10.190461,31.188616,0,2
3,1,504,10.128307,52.321846,0,1
3,5,504,10.182154,73.178459,0,0
3,0,502,9.397846,9.454461,0,0
3,4,466,10.190154,29.726768,0,0
3,1,505,10.121846,50.850769,0,1
3,6,482,10.184,71.59169,0,2
3,5,505,10.113846,92.255997,0,0
3,3,490,11.089231,11.351384,0,1
3,5,506,10.139077,32.444923,0,0
3,4,467,10.174154,53.420921,0,0
3,2,490,10.129539,74.470772,0,0
3,0,503,10.164,95.11908,0,0
3,6,483,10.14,10.416,0,2
3,4,468,10.188,30.556616,0,0
3,0,504,10.122461,51.496922,0,0
3,3,491,10.183692,72.389847,0,1
3,5,507,10.113846,93.283997,0,0
3,1,506,10.188616,10.450769,0,1
3,0,505,10.136923,31.360001,0,0
3,3,492,10.174461,51.774155,0,1
3,4,469,10.114462,72.849541,0,0
3,6,484,10.126462,93.381538,0,2
3,5,508,10.139692,10.415692,0,0
3,2,491,10.184923,31.371384,0,0
3,3,493,10.107077,52.498768,0,1
3,4,470,10.135385,72.984306,0,0
3,0,506,10.119077,93.759384,0,0
3,6,485,10.188,10.450154,0,2
3,0,507,10.136616,31.383078,0,0
3,3,494,10.175693,52.174461,0,1
3,5,509,10.126462,73.275078,0,0
3,2,492,10.164616,93.907074,0,0
3,1,507,10.14,10.416924,0,1
3,3,495,10.187077,30.843077,0,1
3,0,508,10.122461,51.485847,0,0
3,5,510,10.183385,72.459381,0,0
3,4,471,10.113539,93.512001,0,0
3,2,493,10.185538,10.447692,0,0
3,4,472,10.136923,31.531693,0,0
3,6,486,10.132923,52.359692,0,2
3,1,508,10.155692,73.326767,0,1
3,0,509,10.140307,94.244308,0,0
3,3,496,10.174154,10.458154,0,1
3,1,509,10.161846,31.435078,0,1
3,5,511,10.148616,52.41354,0,0
3,0,509,10.630462,73.695381,0,0
3,2,494,10.148,94.557228,0,0
3,4,473,10.153539,10.408308,0,0
3,3,497,10.162461,31.183077,0,1
3,5,512,10.148923,52.132309,0,0
3,0,510,10.107077,72.801849,0,0
3,6,487,10.172923,93.317848,0,2
3,1,510,10.14,10.416,0,1
3,2,495,10.185846,30.559076,0,0
3,3,498,10.122461,51.557846,0,1
3,0,511,10.181539,72.504616,0,0
3,4,474,10.113539,93.280922,0,0
3,5,513,10.188308,10.450461,0,0
3,4,475,10.136923,31.212307,0,0
3,6,488,10.174769,52.016617,0,2
3,1,511,10.115077,72.939079,0,1
3,3,499,10.137539,93.580307,0,1
3,2,496,10.177846,10.461846,0,0
3,3,500,10.161846,31.40123,0,1
3,6,489,10.150461,52.409229,0,2
3,5,514,10.156,73.142769,0,0
3,1,512,10.140924,93.744614,0,1
3,0,512,10.153231,10.408,0,0
3,4,476,10.161231,31.064922,0,0
3,2,497,10.14677,52.116924,0,0
3,6,490,10.157846,73.136307,0,2
3,1,513,10.140307,93.954155,0,1
4,5,,,,,
3,5,515,10.378769,31.443384,1,1
3,2,498,10.146153,52.583691,0,0
3,4,477,10.159693,73.545845,0,0
3,6,491,10.191384,10.455077,0,2
3,2,499,10.121538,31.451693,0,0
3,3,501,10.188,52.450462,0,1
3,5,516,10.105846,73.35569,0,1
3,4,478,10.179077,94.11969,0,0
3,0,513,10.133846,10.426769,0,0
3,3,502,10.203692,31.39723,0,1
3,2,500,10.104615,52.412617,0,0
3,6,492,10.188923,73.239075,0,2
3,1,514,10.097846,94.003693,0,1
3,4,479,10.192924,10.456615,0,0
3,6,493,10.121231,31.489845,0,2
3,5,517,10.187693,52.568001,0,1
3,1,515,10.096,73.071388,0,1
3,0,514,10.131385,93.613541,0,0
3,3,503,10.180307,10.465231,0,1
3,4,480,10.147693,31.025846,0,0
3,6,494,10.164,52.021847,0,2
3,2,501,10.124308,72.715691,0,0
3,1,516,10.098461,93.221535,0,1
3,5,518,10.197846,10.461538,0,1
3,4,481,10.096923,31.584309,0,0
3,0,515,10.187693,52.123692,0,0
3,6,495,10.098154,72.983078,0,2
3,3,504,10.126769,93.587692,0,1
3,1,517,10.180307,10.465231,0,1
3,0,516,10.148308,31.011692,0,0
3,2,502,10.164308,51.915077,0,0
3,3,505,10.131077,72.626465,0,1
3,6,496,10.097846,93.270462,0,2
3,5,519,10.191077,10.454769,0,1
3,0,517,10.119077,31.442154,0,0
3,4,482,10.188308,52.259384,0,0
3,6,497,10.103692,73.126465,0,2
3,2,503,10.177846,93.892311,0,0
3,3,506,10.182769,10.476308,0,1
3,2,504,10.148308,31.231691,0,0
3,6,498,10.116307,52.163383,0,2
3,1,518,10.177846,73.008614,0,1
3,0,518,10.097846,93.641228,0,0
3,4,483,10.192924,10.464,0,0
3,0,519,10.119385,31.415077,0,0
3,1,519,10.141231,52.246769,0,1
3,3,507,10.14677,72.982773,0,1
3,5,520,10.126462,93.843689,0,1
3,6,499,10.18,10.473538,0,2
3,5,521,10.140924,31.069231,0,1
3,2,505,10.153846,51.720924,0,0
3,4,484,10.124308,72.440002,0,0
3,1,520,10.107693,92.872612,0,1
3,3,508,10.193539,10.464616,0,1
3,4,485,10.130769,31.406462,0,0
3,1,521,10.135693,51.976616,0,1
3,5,522,10.096308,72.77108,0,1
3,6,500,10.178154,93.124619,0,2
3,0,519,10.664,10.955384,0,0
3,1,522,10.15723,31.980923,0,1
3,2,506,10.155692,52.789845,0,0
3,6,501,10.131385,73.732613,0,2
3,4,486,10.097538,94.522156,0,0
3,3,509,10.193231,10.464308,0,1
3,4,487,10.123693,31.196308,0,0
3,1,523,10.143692,52.005539,0,1
3,6,502,10.152923,72.714767,0,2
3,0,520,10.135385,93.681541,0,0
3,5,523,10.182462,10.475385,0,1
3,1,524,10.156615,31.358461,0,1
3,3,510,10.154462,52.442463,0,1
3,6,503,10.135385,73.311386,0,2
3,2,507,10.152616,94.213539,0,0
3,4,488,10.193539,10.464616,0,0
3,3,511,10.123384,31.295076,0,1
3,2,508,10.140924,52.273232,0,0
3,0,521,10.147077,73.007385,0,0
3,1,525,10.131692,93.551384,0,1
3,6,504,10.182462,10.475385,0,2
3,1,526,10.147693,31.352615,0,1
3,5,524,10.116307,52.32523,0,1
3,0,522,10.177539,73.042152,0,0
3,2,509,10.098461,93.972923,0,0
3,4,489,10.193539,10.464616,0,0
3,0,523,10.121231,31.388924,0,0
3,5,525,10.141539,52.30677,0,1
3,1,527,10.155077,73.021233,0,1
3,2,510,10.124,93.605843,0,0
3,6,505,10.182154,10.475077,0,2
3,3,512,10.147693,31.263077,0,1
3,1,528,10.10523,52.053539,0,1
3,0,524,10.140307,72.580925,0,0
3,4,490,10.147077,93.128922,0,0
3,5,526,10.193846,10.464923,0,1
3,1,529,10.121846,31.424,0,1
3,4,491,10.144,52.364307,0,0
3,2,511,10.153539,72.889542,0,0
3,0,525,10.124308,93.736618,0,0
3,0,526,9.592,19.382769,0,0
3,2,512,10.128,39.65477,0,0
3,1,530,10.063385,59.904308,0,1
3,5,527,10.206154,80.426155,0,1
3,6,506,10.659693,10.787385,0,3
3,5,528,10.159385,31.596924,0,1
3,1,531,10.163384,52.650463,0,1
3,0,527,10.140924,73.642151,0,0
3,3,514,9.372616,9.428923,0,1
3,0,528,10.203384,29.674154,0,0
3,4,492,10.107077,50.652309,0,0
3,5,529,10.188308,71.209846,0,1
3,6,507,10.134461,91.828308,0,3
3,1,532,10.168615,10.427384,0,1
3,5,530,10.121538,31.485846,0,1
3,0,529,10.141231,52.472614,0,0
3,6,508,10.188308,73.363075,0,3
3,2,513,10.123693,93.872925,0,0
3,3,515,10.15877,10.442769,0,1
3,4,493,10.156,31.47323,0,0
3,6,509,10.154462,52.148308,0,3
3,5,531,10.160615,72.876617,0,1
3,2,514,10.112308,93.660004,0,0
3,1,533,10.166154,10.428308,0,1
3,4,494,10.130769,31.269539,0,0
3,3,516,10.135693,51.931385,0,1
3,2,515,10.187693,72.935997,0,0
3,0,530,10.132308,93.876617,0,0
3,6,510,10.156307,10.440308,0,3
3,5,532,10.156615,31.02,0,1
3,4,495,10.156307,51.544617,0,0
3,0,531,10.173846,72.430771,0,0
3,2,516,10.14677,93.118462,0,0
3,1,534,10.165846,10.424616,0,1
3,2,517,10.121231,31.392923,0,0
3,5,533,10.141231,52.448921,0,1
3,3,517,10.191077,73.292923,0,1
3,6,511,10.126154,94.056618,0,3
3,0,532,10.155077,10.438154,0,0
3,3,518,10.156,31.294153,0,1
3,4,496,10.156,52.094154,0,0
3,1,535,10.175693,72.702461,0,1
3,2,518,10.144923,93.539078,0,0
3,5,534,10.167692,10.426461,0,1
3,6,512,10.131385,31.63077,0,3
3,2,519,10.178769,52.379383,0,0
3,1,536,10.148616,73.615997,0,1
3,0,533,10.171692,94.400612,0,0
3,3,519,10.154462,10.437538,0,1
3,4,497,10.156923,31.392307,0,0
3,2,520,10.156,52.369537,0,0
3,5,535,10.173538,73.107079,0,1
3,1,537,10.14523,93.795998,0,1
3,6,513,10.166154,10.424923,0,3
3,5,536,10.123077,31.345539,0,1
3,2,521,10.141539,52.245232,0,0
3,4,498,10.181539,73.148926,0,0
3,3,520,10.124308,93.963387,0,1
3,0,534,10.154154,10.438769,0,0
3,3,521,10.139077,31.431999,0,1
3,2,522,10.154769,52.295383,0,0
3,1,538,10.168615,73.306152,0,1
3,4,499,10.144615,94.193535,0,0
3,5,537,10.168615,10.430769,0,1
3,3,522,10.132615,31.399693,0,1
3,4,500,10.179692,52.369537,0,0
3,6,514,10.148616,73.540619,0,3
3,0,535,10.172,94.110153,0,0
3,2,523,10.10677,10.38277,0,0
3,6,515,10.201538,31.108,0,3
3,4,501,10.164616,52.163692,0,0
3,5,538,10.167692,73.149231,0,1
3,0,536,10.154154,94.018768,0,0
3,3,523,10.120923,10.375692,0,1
3,4,502,10.178154,31.39323,0,0
3,2,524,10.135077,52.319077,0,0
3,0,537,10.190154,73.027695,0,0
3,1,539,10.187077,93.811691,0,1
3,6,516,10.106462,10.382462,0,3
3,3,524,10.203384,31.063385,0,1
3,4,503,10.164,52.131691,0,0
3,5,539,10.16,72.830154,0,1
3,1,540,10.103692,93.591385,0,1
3,0,538,10.165539,10.427692,0,0
3,4,504,10.133231,31.492001,0,0
3,5,540,10.180923,52.091076,0,1
3,1,541,10.137539,72.788925,0,1
3,6,517,10.134769,93.564003,0,3
3,3,525,10.156,10.44,0,1
3,1,542,10.156923,31.094154,0,1
3,6,518,10.156615,52.119694,0,3
3,0,539,10.173846,73.123695,0,0
3,2,525,10.14677,94.145844,0,0
3,5,541,10.166154,10.428308,0,1
3,2,526,10.123077,31.174154,0,0
3,3,526,10.143692,52.120922,0,1
3,1,543,10.187693,73.093536,0,1
3,6,519,10.126154,93.832619,0,3
3,0,540,10.154462,10.438461,0,0
3,1,544,10.15877,31.377232,0,1
3,2,527,10.154769,52.331692,0,0
3,5,542,10.160615,73.236,0,1
3,6,520,10.115385,93.687386,0,3
3,4,505,10.167692,10.429846,0,0
3,5,543,10.131077,31.517231,0,1
3,6,521,10.135077,52.095387,0,3
3,1,545,10.132308,72.650459,0,1
3,3,527,10.179384,93.292618,0,1
3,2,528,10.155077,10.438154,0,0
3,5,544,10.156615,31.295385,0,1
3,0,541,10.154154,52.392307,0,0
3,1,546,10.175693,73.328003,0,1
3,4,506,10.148308,93.940926,0,0
3,6,522,10.166154,10.428308,0,3
3,3,528,10.121231,31.21723,0,1
3,5,545,10.142154,52.165539,0,1
3,4,507,10.183385,73.047997,0,0
3,2,529,10.126154,93.74308,0,0
3,1,547,10.16,10.444,0,1
3,6,523,10.134461,31.104616,0,3
3,4,508,10.154462,51.997231,0,0
3,5,546,10.160923,72.667381,0,1
3,3,529,10.107693,93.505234,0,1
3,2,530,10.165539,10.427692,0,0
3,4,509,10.133538,31.488308,0,0
3,5,547,10.179692,52.301846,0,1
3,1,548,10.139692,73.203384,0,1
3,6,524,10.132615,93.981537,0,3
3,0,542,10.154154,10.438154,0,0
3,1,549,10.156923,31.469231,0,1
3,4,510,10.155385,52.356617,0,0
3,3,530,10.168,73.351692,0,1
3,5,548,10.107385,93.980003,0,1
3,6,525,10.168615,10.430769,0,3
3,2,531,10.130154,31.396616,0,0
3,3,531,10.135693,52.08646,0,1
3,5,549,10.187693,72.836311,0,1
3,4,511,10.135385,93.78215,0,0
3,1,550,10.156307,10.438769,0,1
3,2,532,10.156615,31.346769,0,0
3,3,532,10.154769,52.439693,0,1
3,5,550,10.173846,73.50985,0,1
3,0,543,10.145538,94.31292,0,0
3,6,526,10.168615,10.430769,0,3
3,4,512,10.130462,31.409845,0,0
3,1,551,10.180923,52.080002,0,1
3,5,551,10.148,72.558151,0,1
3,2,533,10.17077,93.420616,0,0
3,3,533,10.108615,10.385538,0,1
3,2,534,10.199693,31.195076,0,0
3,0,544,10.104923,52.093231,0,0
3,5,552,10.220923,72.912613,0,1
3,6,527,10.097846,93.743385,0,3
3,1,552,10.166154,10.428308,0,1
3,5,553,10.123693,31.226768,0,1
3,2,535,10.141846,52.160923,0,0
3,6,528,10.188923,73.046768,0,3
3,4,513,10.135077,93.848923,0,0
3,0,545,10.154769,10.438769,0,0
3,3,534,10.156923,31.459078,0,1
3,2,536,10.154462,52.389847,0,0
3,1,553,10.160308,73.226151,0,1
3,4,514,10.098461,93.582153,0,0
3,5,554,10.172,10.435077,0,1
3,3,535,10.098769,31.216309,0,1
3,6,529,10.141846,51.796001,0,3
3,4,515,10.182769,72.497231,0,0
3,1,554,10.126769,93.197227,0,1
3,2,537,10.156307,10.440308,0,0
3,5,555,10.150154,31.004616,0,1
3,3,536,10.116,51.649845,0,1
3,1,555,10.213538,72.219383,0,1
3,0,546,10.096,93.375381,0,0
3,6,530,10.166154,10.424923,0,3
3,2,538,10.124308,31.396307,0,0
3,5,556,10.135693,51.965847,0,1
3,0,547,10.148308,72.864616,0,0
3,1,556,10.174154,93.601845,0,1
3,3,537,10.160923,10.443384,0,1
3,6,531,10.156307,31.385538,0,3
3,0,548,10.154769,52.331383,0,0
3,2,539,10.16,73.195999,0,0
3,4,516,10.105846,94.076309,0,0
3,1,557,10.165539,10.427692,0,1
3,3,538,10.133538,31.501539,0,1
3,5,557,10.179077,52.404922,0,1
3,6,532,10.148616,73.413231,0,3
3,2,540,10.171385,93.989845,0,0
3,0,549,10.155077,10.439077,0,0
3,1,558,10.156,31.163692,0,1
3,2,541,10.154769,51.91354,0,0
3,3,539,10.160615,72.813232,0,1
3,4,517,10.113231,93.612923,0,0
3,6,533,10.165846,10.428,0,3
3,3,540,10.131385,31.17877,0,1
3,4,518,10.18,52.006462,0,0
3,5,558,10.148616,72.497536,0,1
3,2,542,10.172,93.19754,0,0
3,0,550,10.155692,10.439692,0,0
3,1,559,10.156307,31.52,0,1
3,4,519,10.156,51.989231,0,0
3,3,541,10.173231,72.737228,0,1
3,2,543,10.146461,93.767075,0,0
3,5,559,10.168,10.430154,0,1
3,3,542,10.132923,31.051693,0,1
3,4,520,10.181539,51.818462,0,0
3,0,551,10.137846,72.88031,0,0
3,6,534,10.134769,93.508003,0,3
3,1,560,10.15723,10.441231,0,1
3,0,552,10.156615,31.216923,0,0
3,2,544,10.156307,52.617538,0,0
3,3,543,10.176,73.559998,0,1
3,4,521,10.147693,94.40123,0,0
3,6,535,10.167692,10.429846,0,3
3,3,544,10.130769,31.516615,0,1
3,0,553,10.179692,52.259075,0,0
3,1,561,10.148,73.334465,0,1
3,4,522,10.171692,94.16954,0,0
3,5,560,10.15723,10.440308,0,1
3,4,523,10.145846,31.038769,0,0
3,1,562,10.116,51.931385,0,1
3,0,554,10.212308,72.519691,0,0
3,2,545,10.096,93.462151,0,0
3,6,536,10.165846,10.424616,0,3
3,2,546,10.121538,31.431999,0,0
3,5,561,10.143692,52.416,0,1
3,3,545,10.189846,73.118462,0,1
3,1,563,10.126154,94.093231,0,1
3,4,524,10.156307,10.440308,0,0
3,0,554,10.629847,31.47723,0,0
3,3,546,10.116307,52.385231,0,1
3,1,564,10.212308,73.273232,0,1
3,5,562,10.098461,94.135689,0,1
3,6,537,10.166462,10.425231,0,3
3,5,563,10.121846,31.315384,0,1
3,1,565,10.144,52.165539,0,1
3,4,525,10.191384,72.741844,0,0
3,3,547,10.124923,93.801849,0,1
3,0,555,10.156923,10.44,0,0
3,2,547,10.145846,31.440308,0,0
3,4,526,10.116615,52.204617,0,0
3,5,564,10.206462,72.930458,0,1
3,1,566,10.105846,93.756615,0,1
3,3,548,10.760307,12.128615,0,1
3,4,527,10.096616,33.225231,0,0
3,0,556,10.148616,53.927383,0,0
3,6,538,10.182462,74.804924,0,3
3,5,565,10.125846,95.606766,0,1
3,1,567,10.156307,10.440308,0,1
3,6,539,10.156615,31.017847,0,3
3,2,548,10.154462,51.972614,0,0
3,4,528,10.168,72.915077,0,0
3,0,557,10.105538,93.396927,0,0
3,5,566,10.168307,10.430462,0,1
3,4,529,10.132923,31.288307,0,0
3,3,549,10.179384,52.172924,0,1
3,2,549,10.146153,73.391388,0,0
3,6,540,10.171692,94.24646,0,3
3,0,558,10.156615,10.439692,0,0
3,1,568,10.156923,31.535076,0,1
3,3,550,10.15723,52.565845,0,1
3,4,530,10.175693,73.562157,0,0
3,5,567,10.148616,94.412926,0,1
3,2,550,10.167692,10.430154,0,0
3,6,541,10.133231,31.426769,0,3
3,1,569,10.181231,52.484306,0,1
3,0,559,10.137846,73.307388,0,0
3,5,568,10.135693,94.045227,0,1
3,4,531,10.157846,10.441846,0,0
3,6,542,10.156923,31.434769,0,3
3,5,569,10.156307,52.499691,0,1
3,2,551,10.173538,73.47908,0,0
3,0,560,10.147693,94.192307,0,0
3,3,551,10.168,10.430154,0,1
3,5,570,10.130769,31.049538,0,1
3,2,552,10.177231,51.617229,0,0
3,6,543,10.14,72.552925,0,3
3,4,532,10.134769,93.001228,0,0
3,1,570,10.157846,10.441846,0,1
3,2,553,10.156615,31.455385,0,0
3,4,533,10.156307,52.592617,0,0
3,5,571,10.175693,73.554459,0,1
3,6,544,10.147385,94.360001,0,3
3,0,561,10.165539,10.427692,0,0
3,6,545,10.120923,31.406462,0,3
3,2,554,10.143692,52.165848,0,0
3,5,571,10.669538,73.644615,0,1
3,1,571,10.132308,94.725227,0,1
3,3,552,10.15877,10.442769,0,1
3,0,562,10.156923,31.468924,0,0
3,4,534,10.156923,52.544922,0,0
3,6,546,10.16,73.51046,0,3
3,2,555,10.095693,94.160614,0,0
3,5,572,10.173231,10.435385,0,1
3,3,553,10.097231,31.486769,0,1
3,2,556,10.132923,51.868614,0,0
3,0,563,10.140924,72.85508,0,0
3,1,572,10.171077,93.331383,0,1
3,6,547,10.155077,10.439077,0,3
3,1,573,10.15723,31.166462,0,1
3,5,573,10.156923,52.108307,0,1
3,0,564,10.287692,10.344,0,0
3,1,574,10.156307,31.223078,0,1
3,4,535,10.133231,51.884308,0,0
3,5,574,10.159385,72.66246,0,1
3,2,557,10.18,93.561539,0,0
3,3,554,10.155077,10.439692,0,1
3,1,575,10.156615,31.285231,0,1
3,5,575,10.154462,52.214462,0,1
3,0,565,10.175693,73.234154,0,0
3,2,558,10.147385,94.083382,0,0
3,4,536,10.166154,10.428308,0,0
3,6,548,10.123077,31.195999,0,3
3,3,555,10.141231,52.132614,0,1
3,1,576,10.192307,73.023079,0,1
3,2,559,10.124,93.553535,0,0
3,0,566,10.105846,10.381846,0,0
3,4,537,10.200923,31.244616,0,0
3,5,576,10.107077,52.047386,0,1
3,2,560,10.168307,72.460617,0,0
3,1,577,10.156923,93.301849,0,1
3,6,549,10.120923,10.375692,0,3
3,4,538,10.179077,31.392307,0,0
3,0,567,10.132615,52.241848,0,0
3,5,577,10.196308,73.335693,0,1
3,2,561,10.125846,94.189537,0,0
3,3,556,10.156923,10.44,0,1
3,0,568,10.154154,31.444,0,0
3,5,578,10.156615,52.163383,0,1
3,6,550,10.175693,73.30677,0,3
3,1,578,10.14677,93.963692,0,1
3,4,539,10.123077,10.376923,0,0
3,2,562,10.175693,31.281847,0,0
3,0,569,10.188,52.48246,0,0
3,6,551,10.196923,73.553535,0,3
3,1,579,10.180307,94.692307,0,1
3,4,540,9.454769,20.271692,0,0
3,0,570,10.133846,41.006462,0,0
3,2,563,10.164,61.816002,0,0
3,3,557,10.160923,82.399078,0,1
3,3,558,10.175385,10.303077,0,1
3,1,580,10.196,30.937845,0,1
3,2,564,10.114462,51.752617,0,0
3,6,552,10.215076,72.629234,0,3
3,0,571,10.113846,93.68708,0,0
3,5,579,10.647077,10.909231,0,2
3,0,572,10.10677,31.759077,0,0
3,4,541,10.179384,52.356922,0,0
3,1,581,10.140924,73.530464,0,1
3,6,553,10.171385,94.06646,0,3
3,2,565,9.590462,19.346769,0,0
3,4,542,10.125539,39.799694,0,0
3,5,580,10.077538,60.538155,0,2
3,0,573,10.187693,81.047691,0,0
3,1,582,10.175076,10.30277,0,1
3,6,554,10.205846,31.093231,0,3
3,0,574,10.132,52.053844,0,0
3,4,543,10.2,72.876923,0,0
3,3,560,9.376616,9.432923,0,2
3,6,555,10.204616,29.653231,0,3
3,4,544,10.122461,50.436615,0,0
3,2,566,10.199385,71.245537,0,0
3,0,575,10.098154,92.077232,0,0
3,1,583,10.167692,10.429846,0,1
3,2,567,10.11877,31.516615,0,0
3,5,581,10.151077,52.36277,0,2
3,3,561,10.129539,73.17292,0,2
3,0,576,10.171692,93.875694,0,0
3,6,556,10.156,10.439077,0,3
3,4,545,9.594153,40.443691,0,0
3,5,582,10.152923,60.859692,0,2
3,3,562,10.139692,81.559998,0,2
3,5,583,10.187693,10.315385,0,2
3,4,546,10.164616,31.042461,0,0
3,0,577,10.146461,52.009232,0,0
3,1,583,10.664923,73.174461,0,2
3,3,564,9.374461,9.430769,0,2
3,6,557,10.182462,29.449846,0,3
3,5,584,10.148616,50.635384,0,2
3,1,584,10.175385,71.230156,0,2
3,0,578,10.096,92.050156,0,0
3,2,568,10.132308,10.387077,0,0
3,6,558,10.142154,31.086769,0,3
3,0,579,10.174769,51.937229,0,0
3,5,585,10.150461,72.954773,0,2
3,3,565,10.14677,93.765541,0,2
3,4,547,10.143385,10.428,0,0
3,6,559,10.169538,31.037539,0,3
3,1,585,10.161846,51.982769,0,2
3,0,580,10.166154,73.10154,0,0
3,5,586,10.097846,93.670769,0,2
3,3,566,10.156,10.418154,0,2
3,5,587,10.144615,31.179693,0,2
3,6,560,9.587077,61.084309,0,3
3,4,548,10.127384,81.20031,0,0
3,2,569,10.668923,10.796616,0,1
3,5,588,10.157846,31.854769,0,2
3,3,567,10.180923,53.075386,0,2
3,1,586,10.158154,73.922157,0,2
3,6,562,9.374461,9.431077,0,3
3,2,570,10.158154,29.643078,0,1
3,1,587,10.172308,50.51046,0,2
3,0,581,10.113539,70.962463,0,0
3,3,568,10.166769,91.679695,0,2
3,4,549,10.120308,10.396308,0,0
3,3,569,10.181847,30.782154,0,2
3,5,589,10.126154,51.72554,0,2
3,6,563,10.165846,72.522766,0,3
3,0,582,10.133538,93.44677,0,0
3,2,571,10.12,10.374769,0,1
3,6,564,10.178154,31.427999,0,3
3,4,550,10.153846,52.429539,0,0
3,5,590,10.228923,10.285231,0,2
3,0,583,10.126154,30.771385,0,0
3,1,588,10.164616,51.707077,0,2
3,3,570,10.126769,72.273537,0,2
3,4,551,10.097846,93.201538,0,0
3,2,572,10.167692,10.421538,0,1
3,4,552,10.123384,31.534462,0,0
3,6,565,10.208307,52.519077,0,3
3,1,589,10.119385,73.304306,0,2
3,5,591,10.180307,93.959076,0,2
3,3,571,10.106462,10.390462,0,2
4,5,,,,,
3,5,592,9.907385,30.937231,1,3
3,2,573,10.191692,10.248307,0,1
3,4,553,10.200615,31.057846,0,0
3,5,593,10.10523,51.729229,0,3
3,0,584,10.178461,72.319077,0,0
3,6,566,10.098154,93.17231,0,3
3,3,572,10.142462,10.404615,0,2
3,1,590,10.15723,31.349539,0,2
3,6,567,10.161846,52.206463,0,3
3,0,585,10.113846,72.975693,0,0
3,2,574,10.180923,93.716614,0,1
3,5,594,10.134461,10.417539,0,3
5,1412,1441,,,,
