1,7
3,0,0,13.056923,13.220923,0,0
3,4,0,12.649846,37.323383,0,0
3,3,0,11.078154,57.770153,0,0
3,5,0,10.943692,77.565849,0,0
3,1,0,10.056616,10.113231,0,0
3,5,1,9.099692,27.452616,0,0
3,3,1,9.081231,44.378460,0,0
3,2,0,10.985538,63.671383,0,0
3,4,1,9.014770,80.637848,0,0
3,6,0,10.067385,10.124000,0,0
3,1,1,9.108000,27.670155,0,0
3,3,2,9.128923,44.671078,0,0
3,5,2,9.095385,61.887386,0,0
3,4,2,9.036615,78.761230,0,0
3,2,1,10.145230,10.201538,0,0
3,4,3,9.112308,28.123077,0,0
3,1,2,9.157538,45.003078,0,0
3,3,3,9.074462,62.283077,0,0
3,5,3,9.061231,78.976311,0,0
3,6,1,9.539692,9.596000,0,0
3,4,4,9.114154,26.620924,0,0
3,0,1,9.142154,43.809540,0,0
3,2,2,9.112308,61.018768,0,0
3,3,4,9.039692,77.803078,0,0
3,1,4,8.978769,9.035077,0,0
3,5,4,9.162154,26.258461,0,0
3,6,2,9.183692,43.453232,0,0
3,3,5,9.109538,61.086155,0,0
3,4,5,9.090769,77.907074,0,0
3,2,4,8.975385,9.031384,0,0
3,1,5,9.154769,26.257231,0,0
3,3,6,9.176616,43.465229,0,0
3,5,5,9.130462,61.110767,0,0
3,0,2,9.087692,77.932617,0,0
3,6,3,9.519077,9.575384,0,0
3,5,6,9.161538,27.056923,0,0
3,3,7,9.186461,44.191383,0,0
3,0,2,10.303077,63.121231,0,0
3,4,6,9.095693,80.435997,0,0
3,2,5,9.537230,9.593846,0,0
3,1,6,9.162461,26.936001,0,0
3,6,4,9.170462,44.008308,0,0
3,0,3,9.139077,61.126461,0,0
3,3,8,9.096616,78.169846,0,0
3,5,7,10.135693,10.192000,0,0
3,0,4,9.167384,27.882462,0,0
3,2,6,9.180923,45.197845,0,0
3,6,5,9.113539,62.882462,0,0
3,4,7,9.087692,79.815079,0,0
3,3,9,10.090462,10.147077,0,0
3,0,5,9.161231,27.718462,0,0
3,6,6,9.170462,45.199078,0,0
3,5,8,9.142462,62.486462,0,0
3,2,7,9.080308,79.447998,0,0
3,1,7,9.502153,9.558769,0,0
3,0,6,9.178769,27.045231,0,0
3,3,10,9.215076,44.282768,0,0
3,5,9,9.225538,62.324306,0,0
3,6,7,9.189538,79.832001,0,0
3,4,8,10.279693,10.336308,0,0
3,2,8,9.209538,28.202768,0,0
3,0,7,9.201846,46.001846,0,0
3,6,8,9.152308,63.270153,0,0
3,1,8,9.147077,80.425850,0,0
3,5,10,9.577230,9.633846,0,0
3,4,9,9.288308,27.049231,0,0
3,6,9,9.186769,44.673538,0,0
3,0,8,9.197538,62.322460,0,0
3,2,9,9.109846,79.713539,0,0
3,3,11,9.559692,9.616307,0,0
3,4,10,9.307384,27.400000,0,0
3,0,9,9.243077,45.488308,0,0
3,1,9,9.203384,63.110153,0,0
3,2,10,9.176923,80.578156,0,0
3,5,11,9.511692,9.568308,0,0
3,3,12,9.215076,27.215693,0,0
3,2,11,9.261847,45.250462,0,0
3,4,11,9.271384,62.998768,0,0
3,6,10,9.261230,80.989540,0,0
3,0,10,9.571077,9.627384,0,0
3,4,12,9.292615,27.292616,0,0
3,5,12,9.264615,45.475693,0,0
3,3,13,9.255692,63.372616,0,0
3,1,10,9.188923,81.291695,0,0
3,6,11,9.508924,9.565538,0,0
3,1,11,9.224308,27.200001,0,0
3,2,12,9.256000,44.616306,0,0
3,4,13,9.232000,62.406155,0,0
3,3,14,9.294154,79.795074,0,0
3,5,13,9.474462,9.531077,0,0
3,2,13,9.308308,27.105846,0,0
3,6,12,9.253231,44.960617,0,0
3,0,11,9.252923,62.896309,0,0
3,4,14,9.242769,80.694771,0,0
3,1,12,9.556308,9.612923,0,0
3,6,13,9.268923,27.052616,0,0
3,3,15,9.254154,45.181232,0,0
3,0,12,9.283077,63.321232,0,0
3,4,15,9.273847,81.192001,0,0
3,2,14,9.468307,9.524923,0,0
3,0,13,9.277538,27.297846,0,0
3,1,13,9.308923,45.515694,0,0
3,5,14,9.253538,63.362770,0,0
3,6,14,9.245231,81.277229,0,0
3,4,16,10.202461,10.259077,0,0
3,5,15,9.260307,28.512922,0,0
3,1,14,9.258462,46.660923,0,0
3,6,15,9.286769,64.534157,0,0
3,2,15,9.270461,82.427078,0,0
3,3,16,9.466154,9.522769,0,0
3,4,17,9.270461,27.275999,0,0
3,0,14,9.308616,45.472923,0,0
3,5,16,9.251077,63.432308,0,0
3,1,15,9.245231,81.159691,0,0
3,6,16,9.518154,9.574769,0,0
3,4,18,9.260000,27.388308,0,0
3,5,17,9.257539,45.029232,0,0
3,1,16,9.288000,62.894463,0,0
3,2,16,9.268616,80.532616,0,0
3,3,17,9.465846,9.522462,0,0
3,6,17,9.272615,27.285847,0,0
3,2,17,9.310462,45.525845,0,0
3,0,15,9.254461,63.393845,0,0
3,5,18,9.245231,81.373848,0,0
3,4,19,9.937846,9.994462,0,0
3,2,18,9.263077,27.824615,0,0
3,0,16,9.257846,45.980614,0,0
3,5,19,9.286769,63.733231,0,0
3,1,17,9.268308,81.497231,0,0
3,6,18,9.468307,9.524923,0,0
3,5,20,9.277846,27.301846,0,0
3,1,18,9.307384,45.373539,0,0
3,2,19,9.251693,63.331078,0,0
3,3,18,9.245539,81.084923,0,0
3,4,20,9.925846,9.982462,0,0
3,6,19,9.261230,27.701231,0,0
3,2,20,9.257231,45.855385,0,0
3,5,21,9.288923,63.636616,0,0
3,3,19,9.270154,81.648003,0,0
3,1,19,9.466154,9.522769,0,0
3,2,21,9.272923,27.275692,0,0
3,6,20,9.310462,45.511078,0,0
3,0,17,9.253231,63.261539,0,0
3,4,21,9.245231,81.344925,0,0
3,5,22,9.520308,9.576923,0,0
3,2,22,9.264923,27.038769,0,0
3,1,20,9.258769,45.222153,0,0
3,4,22,9.286769,63.228001,0,0
3,3,20,9.268000,80.739075,0,0
3,6,21,9.468307,9.524923,0,0
3,3,21,9.271077,27.260616,0,0
3,4,23,9.304923,45.334461,0,0
3,0,18,9.253538,63.406460,0,0
3,5,23,9.245231,81.252922,0,0
3,1,21,9.517846,9.574462,0,0
3,6,22,9.262462,27.271692,0,0
3,5,24,9.257539,45.549847,0,0
3,2,23,9.287692,63.424309,0,0
3,3,22,9.268923,81.311073,0,0
3,0,19,9.468307,9.524615,0,0
3,1,22,9.277538,27.302462,0,0
3,4,24,9.305538,45.419384,0,0
3,2,24,9.252000,63.480923,0,0
3,5,25,9.243692,81.218773,0,0
3,3,23,9.517846,9.574462,0,0
3,6,23,9.262154,27.274155,0,0
3,2,25,9.257231,45.456615,0,0
3,1,23,9.286769,63.333538,0,0
3,5,26,9.268308,81.330154,0,0
3,4,25,9.878462,9.935077,0,0
3,3,24,9.269539,27.470461,0,0
3,6,24,9.308616,45.353848,0,0
3,5,27,9.251077,63.215076,0,0
3,1,24,9.245846,80.946465,0,0
3,0,20,9.520616,9.577230,0,0
3,3,25,9.260615,27.048615,0,0
3,1,25,9.257231,45.078770,0,0
3,4,26,9.286154,62.696617,0,0
3,2,26,9.267693,80.667694,0,0
3,5,28,9.466154,9.522769,0,0
3,3,26,9.269846,27.275692,0,0
3,2,27,9.310154,45.389233,0,0
3,4,27,9.251385,63.217537,0,0
3,0,21,9.245846,81.085228,0,0
3,6,25,9.520000,9.576615,0,0
3,1,26,9.260307,26.904922,0,0
3,5,29,9.258154,44.896309,0,0
3,2,28,9.286462,62.643692,0,0
3,4,28,9.266154,80.619690,0,0
3,0,22,9.466154,9.522769,0,0
3,2,29,9.271384,27.277845,0,0
3,6,26,9.309846,45.615078,0,0
3,1,27,9.253231,63.341846,0,0
3,3,27,9.245539,81.373848,0,0
3,4,29,9.930462,9.987077,0,0
3,3,28,9.260307,27.359385,0,0
3,5,30,9.259692,45.402771,0,0
3,6,27,9.286769,63.156921,0,0
3,2,30,9.270154,81.167381,0,0
3,0,23,9.466154,9.522462,0,0
3,2,31,9.270769,27.277845,0,0
3,6,28,9.310462,45.472309,0,0
3,3,29,9.250462,63.314461,0,0
3,5,31,9.243077,80.916924,0,0
3,4,30,9.918769,9.975385,0,0
3,2,32,9.260000,27.601538,0,0
3,0,24,9.260000,45.211693,0,0
3,5,32,9.289538,62.718155,0,0
3,6,29,9.268000,80.709846,0,0
3,1,28,9.465846,9.522462,0,0
3,3,30,9.269539,27.284615,0,0
3,2,33,9.307384,45.417538,0,0
3,4,31,9.252000,63.338463,0,0
3,5,33,9.245231,81.225540,0,0
3,0,25,9.520308,9.576923,0,0
3,6,30,9.262154,27.044001,0,0
3,4,32,9.254769,44.683998,0,0
3,2,34,9.287077,62.773846,0,0
3,1,29,9.270461,80.533539,0,0
3,3,31,9.466154,9.522769,0,0
3,4,33,9.270769,27.280001,0,0
3,6,31,9.308000,44.882462,0,0
3,1,30,9.251385,62.748615,0,0
3,5,34,9.245539,80.731689,0,0
3,2,35,9.520308,9.576923,0,0
3,6,32,9.260000,27.038462,0,0
3,1,31,9.256923,44.681232,0,0
3,5,35,9.286462,62.668308,0,0
3,4,34,9.266154,80.508308,0,0
3,3,32,9.465538,9.522154,0,0
3,5,36,9.280000,27.342461,0,0
3,1,32,9.307384,45.358768,0,0
3,6,33,9.252000,63.423386,0,0
3,2,36,9.247385,81.260002,0,0
3,4,35,9.935385,9.992000,0,0
3,0,26,9.262462,27.608307,0,0
3,6,34,9.257539,45.544922,0,0
3,2,37,9.286769,63.432922,0,0
3,1,33,9.269231,81.405540,0,0
3,5,37,9.466154,9.522769,0,0
3,0,27,9.272000,27.270462,0,0
3,1,34,9.307693,45.113846,0,0
3,4,36,9.253231,62.967999,0,0
3,2,38,9.244923,80.937843,0,0
3,6,35,9.520308,9.576923,0,0
3,4,37,9.259692,27.037231,0,0
3,3,33,9.257539,45.307999,0,0
3,1,35,9.285846,62.993538,0,0
3,5,38,9.496615,81.705849,0,0
3,0,28,9.435077,9.491693,0,0
3,5,39,9.303692,27.397230,0,0
3,1,36,9.355692,45.426155,0,0
3,4,38,9.241231,63.687386,0,0
3,3,34,9.244308,81.467384,0,0
3,2,39,9.479384,9.536000,0,0
3,6,36,9.274154,26.982769,0,0
3,1,37,9.299692,45.236309,0,0
3,3,35,9.281846,63.303692,0,0
3,0,29,9.270154,81.171692,0,0
3,4,39,9.831077,9.887384,0,0
3,5,40,9.280000,27.504923,0,0
3,6,37,9.348308,45.455383,0,0
3,1,38,9.243384,63.449539,0,0
3,3,36,9.244308,81.600616,0,0
3,2,40,9.479384,9.536000,0,0
3,1,39,9.271077,26.970461,0,0
3,0,30,9.301847,44.840614,0,0
3,5,41,9.280000,62.678154,0,0
3,6,38,9.270461,80.576614,0,0
3,3,37,9.421538,9.478154,0,0
3,5,42,9.280923,27.316616,0,0
3,0,31,9.350769,45.388615,0,0
3,2,41,9.245846,63.469540,0,0
3,4,40,9.245846,81.335388,0,0
3,1,40,9.476923,9.533539,0,0
3,4,41,9.279693,27.154461,0,0
3,3,38,9.300307,45.168617,0,0
3,0,32,9.282154,62.969845,0,0
3,5,43,9.271077,80.969231,0,0
3,6,39,9.420615,9.476923,0,0
3,0,33,9.280923,27.085539,0,0
3,3,39,9.350462,44.928616,0,0
3,2,42,9.245539,62.905231,0,0
3,4,42,9.242461,80.775383,0,0
3,1,41,9.476923,9.533539,0,0
3,2,43,9.279693,27.143692,0,0
3,4,43,9.297846,45.419079,0,0
3,3,40,9.279385,63.259075,0,0
3,6,40,9.268308,81.116310,0,0
3,0,34,9.423693,9.480308,0,0
3,5,44,9.278769,26.866770,0,0
3,3,41,9.348308,45.008308,0,0
3,4,44,9.243384,62.667999,0,0
3,6,41,9.245846,80.704308,0,0
3,2,44,9.479384,9.536000,0,0
3,1,42,9.272307,26.968924,0,0
3,3,42,9.299692,45.098152,0,0
3,6,42,9.280308,63.103691,0,0
3,4,45,9.265846,80.729233,0,0
3,0,35,9.423385,9.480000,0,0
3,1,43,9.281538,27.114769,0,0
3,4,46,9.348000,45.315693,0,0
3,5,45,9.243692,63.406460,0,0
3,2,45,9.247077,81.264305,0,0
3,6,43,9.479384,9.536000,0,0
3,2,46,9.272307,26.974154,0,0
3,5,46,9.300000,45.063076,0,0
3,1,44,9.281538,62.351383,0,0
3,4,47,9.266769,80.465233,0,0
3,0,36,9.423693,9.480308,0,0
3,3,43,9.280616,26.870153,0,0
3,2,47,9.351384,44.825539,0,0
3,6,44,9.243384,63.032616,0,0
3,5,47,9.245539,80.878769,0,0
3,1,45,9.479384,9.536000,0,0
3,0,37,9.272000,26.967384,0,0
3,2,48,9.299385,44.944923,0,0
3,6,45,9.280923,63.149540,0,0
3,5,48,9.268000,80.901230,0,0
3,4,48,9.831385,9.887384,0,0
3,6,46,9.280616,27.654461,0,0
3,3,44,9.350462,45.500309,0,0
3,1,46,9.243384,63.078156,0,0
3,0,38,9.244923,80.866158,0,0
3,2,49,9.476923,9.533539,0,0
3,3,45,9.282154,27.155693,0,0
3,1,47,9.299385,45.524921,0,0
3,4,49,9.280000,63.677231,0,0
3,0,39,9.268616,81.451080,0,0
3,6,47,9.423693,9.480308,0,0
3,4,50,9.278769,26.871077,0,0
3,1,48,9.350769,44.964306,0,0
3,2,50,9.244000,62.932922,0,0
3,5,49,9.244616,80.649536,0,0
3,3,46,9.476923,9.533539,0,0
3,0,40,9.280000,27.146769,0,0
3,6,48,9.299077,45.239079,0,0
3,2,51,9.279385,63.066769,0,0
3,4,51,9.266154,80.755997,0,0
3,5,50,9.423693,9.480308,0,0
3,3,47,9.282769,26.864614,0,0
3,4,52,9.348616,45.118153,0,0
3,1,49,9.245539,63.210770,0,0
3,6,49,9.242769,80.955383,0,0
3,0,41,9.479384,9.536000,0,0
3,5,51,9.273847,26.974461,0,0
3,1,50,9.297539,44.992924,0,0
3,4,53,9.277846,62.961231,0,0
3,2,52,9.268308,81.059387,0,0
3,3,48,9.424000,9.480616,0,0
3,6,50,9.280923,26.983385,0,0
3,5,52,9.348308,44.997540,0,0
3,1,51,9.244000,62.912922,0,0
3,2,53,9.245231,80.475693,0,0
3,4,54,9.889231,9.945847,0,0
3,5,53,9.279385,27.457539,0,0
3,0,42,9.300923,45.582462,0,0
3,6,51,9.278153,63.523384,0,0
3,3,49,9.268308,81.617844,0,0
3,2,54,9.423693,9.480308,0,0
3,0,43,9.281231,26.864000,0,0
3,3,50,9.350769,44.588306,0,0
3,1,52,9.245539,62.657230,0,0
3,4,55,9.244923,80.499695,0,0
3,5,54,9.476923,9.533539,0,0
3,3,51,9.277846,27.146154,0,0
3,6,52,9.297539,45.499386,0,0
3,1,53,9.280308,63.493229,0,0
3,4,56,9.268308,81.142151,0,0
3,0,44,9.423693,9.479692,0,0
3,2,55,9.283077,27.221539,0,0
3,6,53,9.348000,45.299999,0,0
3,4,57,9.243692,63.496307,0,0
3,3,52,9.244923,81.450157,0,0
3,5,55,9.476923,9.533539,0,0
3,6,54,9.282154,27.160616,0,0
3,3,53,9.300307,45.243690,0,0
3,4,58,9.280308,62.943386,0,0
3,0,45,9.270461,80.686157,0,0
3,2,56,9.425846,9.482462,0,0
3,5,56,9.283077,27.214462,0,0
3,3,54,9.351384,45.422462,0,0
3,1,54,9.243384,63.721230,0,0
3,4,59,9.243077,81.715691,0,0
3,0,46,9.479384,9.536000,0,0
3,6,55,9.273231,26.980616,0,0
3,2,57,9.298769,44.872307,0,0
3,5,57,9.280000,62.730770,0,0
3,4,60,9.268000,80.432304,0,0
3,1,55,9.423693,9.480308,0,0
3,6,56,9.280616,26.872307,0,0
3,3,55,9.348616,44.716000,0,0
3,0,47,9.243384,62.819077,0,0
3,2,58,9.245231,80.651382,0,0
3,5,58,9.476923,9.533539,0,0
3,0,48,9.280616,27.150768,0,0
3,2,59,9.300307,45.159386,0,0
3,3,56,9.280308,62.867077,0,0
3,1,56,9.270461,80.377228,0,0
3,6,57,9.454769,9.511385,0,0
3,3,57,9.281231,27.236616,0,0
3,5,59,9.350769,45.329231,0,0
3,4,61,9.243692,63.524616,0,0
3,1,57,9.244000,81.615692,0,0
3,2,60,9.479384,9.536000,0,0
3,6,58,9.271692,26.977230,0,0
3,5,60,9.299077,45.223999,0,0
3,4,62,9.280000,63.169231,0,0
3,0,49,9.270461,81.198151,0,0
3,3,58,9.423693,9.479692,0,0
3,1,58,9.280308,27.219385,0,0
3,2,61,9.350769,45.176922,0,0
3,4,63,9.243692,63.272308,0,0
3,5,61,9.245231,81.239998,0,0
3,6,59,9.476923,9.533539,0,0
3,0,50,9.278153,27.150154,0,0
3,5,62,9.300307,45.340309,0,0
3,3,59,9.280616,62.858768,0,0
3,1,59,9.267693,80.712921,0,0
3,2,62,9.423385,9.480000,0,0
3,4,64,9.278461,27.113539,0,0
3,3,60,9.348000,45.327076,0,0
3,5,63,9.243384,63.299694,0,0
3,6,60,9.247077,81.335075,0,0
3,1,60,9.477231,9.533846,0,0
3,4,65,9.271384,27.243692,0,0
3,2,63,9.299692,45.619385,0,0
3,5,64,9.282769,63.744308,0,0
3,3,61,9.268000,81.713844,0,0
3,6,61,9.423693,9.480308,0,0
3,1,61,9.283692,26.865847,0,0
3,4,66,9.348000,45.042770,0,0
3,5,65,9.244000,63.012615,0,0
3,3,62,9.244923,80.596306,0,0
3,2,64,9.476923,9.533539,0,0
3,0,51,9.280923,27.135693,0,0
3,5,66,9.300000,45.168617,0,0
3,3,63,9.280616,62.751694,0,0
3,6,62,9.270154,80.474464,0,0
3,1,62,9.424000,9.480000,0,0
3,3,64,9.280616,27.099384,0,0
3,6,63,9.350154,45.051384,0,0
3,4,67,9.243384,62.835075,0,0
3,5,67,9.245539,80.797539,0,0
3,2,65,9.476923,9.533539,0,0
3,1,63,9.280308,27.145538,0,0
3,4,68,9.298769,45.116001,0,0
3,0,52,9.280923,62.953232,0,0
3,3,65,9.268923,80.713234,0,0
3,5,68,9.423693,9.480308,0,0
3,2,66,9.283384,26.868923,0,0
3,4,69,9.348923,45.163383,0,0
3,6,63,9.725231,63.821232,0,0
3,3,66,9.244923,81.810768,0,0
3,1,64,9.476923,9.533539,0,0
3,5,69,9.279693,27.143999,0,0
3,4,70,9.298462,45.400616,0,0
3,0,53,9.279693,63.152615,0,0
3,3,67,9.268000,81.044922,0,0
3,2,67,9.423693,9.479692,0,0
3,4,71,9.278461,27.221539,0,0
3,6,64,9.350769,45.438152,0,0
3,0,54,9.245846,63.639694,0,0
3,1,65,9.246462,81.601540,0,0
3,3,68,9.479384,9.536000,0,0
3,2,68,9.273847,26.974461,0,0
3,6,65,9.299077,45.005848,0,0
3,4,72,9.280308,62.699383,0,0
3,0,55,9.268308,80.347076,0,0
3,5,70,9.423693,9.480308,0,0
3,0,56,9.280616,26.867693,0,0
3,2,69,9.350462,44.841537,0,0
3,4,73,9.241231,62.862461,0,0
3,1,66,9.245231,80.721230,0,0
3,6,66,9.476923,9.533539,0,0
3,5,71,9.282154,27.147078,0,0
3,3,69,9.299692,45.290154,0,0
3,0,57,9.279385,63.249847,0,0
3,2,70,9.270154,81.236305,0,0
3,4,74,9.838462,9.895077,0,0
3,1,67,9.280308,27.401230,0,0
3,3,70,9.348923,45.158463,0,0
3,2,71,9.243384,63.175385,0,0
3,0,58,9.247077,81.180305,0,0
3,6,67,9.476923,9.533539,0,0
3,0,59,9.280308,27.144308,0,0
3,4,75,9.297846,44.985847,0,0
3,5,72,9.280923,63.013229,0,0
3,1,68,9.268308,80.723381,0,0
3,3,71,9.423385,9.480000,0,0
3,5,73,9.280616,27.114462,0,0
3,4,76,9.349231,45.105846,0,0
3,2,72,9.243692,63.053230,0,0
3,6,68,9.245846,80.896614,0,0
3,1,69,9.476923,9.533539,0,0
3,2,73,9.281538,27.155077,0,0
3,4,77,9.299077,45.287075,0,0
3,0,60,9.451385,63.666462,0,0
3,5,74,9.318769,82.104919,0,0
3,3,72,9.442462,9.499077,0,0
3,6,69,9.277231,27.173845,0,0
3,0,61,9.305846,45.485538,0,0
3,5,75,9.243692,63.533230,0,0
3,2,74,9.271692,81.525536,0,0
3,1,70,9.495077,9.551692,0,0
3,6,70,9.262462,27.256615,0,0
3,0,62,9.256308,45.436001,0,0
3,4,78,9.277538,62.759998,0,0
3,2,75,9.297539,80.883690,0,0
3,3,73,9.442769,9.499385,0,0
3,2,76,9.269539,27.281538,0,0
3,4,79,9.306154,45.526463,0,0
3,0,63,9.243384,63.495075,0,0
3,5,76,9.272615,81.487076,0,0
3,1,71,9.492923,9.549539,0,0
3,2,77,9.262154,27.158770,0,0
3,3,74,9.256000,45.360615,0,0
3,0,64,9.304615,63.143383,0,0
3,5,77,9.268000,81.146156,0,0
3,6,71,9.442462,9.499077,0,0
3,5,78,9.278153,27.059385,0,0
3,3,75,9.306461,45.263386,0,0
3,1,72,9.272615,63.202770,0,0
3,2,78,9.244923,81.062157,0,0
4,4
3,4,80,10.190461,31.148615,1,1
3,3,76,9.253846,49.855076,0,0
3,0,65,9.244000,67.643692,0,0
3,2,79,9.226461,85.355385,0,0
3,6,72,2.985846,3.042462,0,0
3,1,73,9.116307,20.989845,0,0
4,3
3,3,77,9.785231,59.945538,1,1
4,4
3,4,80,9.807076,9.864000,0,2
3,6,72,9.717539,27.679384,0,0
3,3,78,9.335384,45.455692,0,1
3,1,74,9.161231,63.632923,0,0
3,0,66,9.215693,81.363075,0,0
3,2,80,9.471385,9.528000,0,0
3,5,79,9.278769,27.401539,0,1
3,1,75,9.300000,45.438770,0,0
3,0,67,9.316923,62.985229,0,0
3,4,81,9.271077,81.099998,0,2
3,6,73,9.394462,9.451077,0,0
3,4,82,9.273847,27.118769,0,2
3,2,81,9.370770,44.996922,0,0
3,3,79,9.272923,63.043694,0,1
3,0,68,9.253231,80.865540,0,0
3,1,76,9.465538,9.522154,0,0
3,6,74,9.272000,27.318769,0,0
3,5,80,9.304923,45.192924,0,1
3,2,82,9.319385,63.295078,0,0
3,4,83,9.264308,81.137535,0,2
3,0,69,9.396615,9.453231,0,0
3,2,83,9.274154,27.214769,0,0
3,1,77,9.370770,45.264309,0,0
3,3,80,9.269539,63.191078,0,1
3,4,84,9.251693,81.029541,0,2
3,6,75,9.431692,9.488308,0,0
3,4,85,9.268308,27.130461,0,2
3,3,81,9.307076,44.730770,0,1
3,1,78,9.319693,62.463692,0,0
3,0,70,9.267385,80.360924,0,0
3,5,81,9.425538,9.482154,0,1
3,1,79,9.274462,27.380308,0,0
3,0,71,9.368923,45.147999,0,0
3,6,76,9.270154,63.432617,0,0
3,2,84,9.253231,81.243080,0,0
3,3,82,9.432000,9.488615,0,1
3,1,80,9.269231,27.000923,0,0
3,0,72,9.306154,44.577232,0,0
3,5,82,9.319693,62.677845,0,1
3,2,85,9.265231,80.693848,0,0
3,6,77,9.394462,9.451077,0,0
3,3,83,9.275077,27.120615,0,1
3,0,73,9.368000,44.910461,0,0
3,4,86,9.269231,62.820923,0,2
3,5,83,9.253846,80.423386,0,1
3,2,86,9.466769,9.523385,0,0
3,6,78,9.268616,27.469847,0,0
3,0,74,9.304000,45.530460,0,0
3,1,81,9.316923,63.356308,0,0
3,3,84,9.265846,81.267693,0,1
3,5,84,9.394154,9.450769,0,1
3,1,82,9.272307,27.216309,0,0
3,0,75,9.370770,45.018154,0,0
3,4,87,9.269846,63.044922,0,2
3,3,85,9.252308,80.770157,0,1
3,6,79,9.432000,9.488615,0,0
3,5,85,9.268923,27.007385,0,1
3,3,86,9.304308,44.889233,0,1
3,0,76,9.329846,62.670155,0,0
3,2,87,9.269231,80.507385,0,0
3,4,88,9.802154,9.858769,0,2
3,1,83,9.274769,27.623077,0,0
3,3,87,9.368923,45.541538,0,1
3,2,88,9.269846,63.914463,0,0
3,0,77,9.253846,81.850769,0,0
3,5,86,9.432307,9.488923,0,1
3,4,89,9.269846,27.222155,0,2
3,1,84,9.305846,45.248001,0,0
3,2,89,9.319385,63.114769,0,0
3,3,88,9.264615,81.023079,0,1
3,6,80,9.394154,9.450769,0,0
3,5,87,9.274462,27.210461,0,1
3,4,90,9.368308,44.882153,0,2
3,3,89,9.271384,63.044308,0,1
3,0,78,9.253231,80.762154,0,0
3,1,85,9.431692,9.488308,0,0
3,4,91,9.269539,27.132616,0,2
3,5,88,9.305846,45.244923,0,1
3,6,81,9.319385,63.212925,0,0
3,2,90,9.266769,81.111382,0,0
3,3,90,9.394154,9.450769,0,1
3,2,91,9.276308,27.219076,0,0
3,0,79,9.370770,45.068924,0,0
3,5,89,9.269539,62.985538,0,1
3,1,86,9.254154,80.928001,0,0
3,6,82,9.432307,9.488923,0,0
3,3,91,9.270154,27.227385,0,1
3,5,90,9.306154,45.142460,0,1
3,1,87,9.317538,63.101845,0,0
3,4,92,9.263692,80.963692,0,2
3,2,92,9.396615,9.453231,0,0
3,6,83,9.274154,27.213846,0,0
3,3,92,9.368308,45.250153,0,1
3,4,93,9.270154,63.285538,0,2
3,1,88,9.254461,80.994766,0,0
3,0,80,9.432000,9.488615,0,0
3,6,84,9.269846,27.007999,0,0
3,5,91,9.303692,44.831078,0,1
3,3,93,9.319077,62.615078,0,1
3,4,94,9.264615,80.292923,0,2
3,2,93,9.396923,9.453539,0,0
3,6,85,9.274154,27.339077,0,0
3,3,94,9.369846,45.109848,0,1
3,5,92,9.269539,63.364307,0,1
3,4,95,9.251385,81.179077,0,2
3,0,81,9.434462,9.491076,0,0
3,4,96,9.268000,27.158154,0,2
3,1,89,9.305231,45.200615,0,0
3,3,95,9.319385,62.931385,0,1
3,5,93,9.267385,80.913849,0,1
3,2,94,9.394462,9.451077,0,0
3,1,90,9.273847,27.112923,0,0
3,3,96,9.370461,44.993229,0,1
3,6,86,9.271692,63.102154,0,0
3,4,97,9.251385,80.917229,0,2
3,0,82,9.431692,9.488308,0,0
3,2,95,9.267385,27.134153,0,0
3,3,97,9.304308,45.259384,0,1
3,5,94,9.318769,63.134155,0,1
3,1,91,9.267385,81.218773,0,0
3,6,87,9.394154,9.450769,0,0
3,4,98,9.274462,27.214769,0,2
3,3,98,9.370770,45.248615,0,1
3,5,95,9.269846,63.387691,0,1
3,0,83,9.252000,81.328003,0,0
3,2,96,9.432000,9.488615,0,0
3,3,99,9.270154,27.014462,0,1
3,6,88,9.306154,44.810768,0,0
3,5,96,9.319693,62.800922,0,1
3,1,92,9.267385,80.519997,0,0
4,0
3,0,84,9.413539,30.168308,1,1
3,4,99,9.274462,48.203075,0,2
3,6,89,9.368615,65.989227,0,0
3,1,93,9.217231,84.231384,0,0
3,5,97,9.505231,9.825539,0,1
3,3,100,9.298462,27.498770,0,1
3,6,90,9.346154,45.354153,0,0
3,0,85,9.241538,63.714767,0,1
3,4,100,9.327692,81.701843,0,2
3,2,97,9.396000,9.452616,0,0
3,5,98,9.309539,27.050461,0,1
3,3,101,9.269231,44.693539,0,1
3,0,86,9.356923,62.526154,0,1
3,1,94,9.229846,80.664612,0,0
3,4,101,9.792923,9.849539,0,2
3,3,102,9.239077,27.735693,0,1
3,5,99,9.409846,45.483078,0,1
3,0,87,9.237538,63.715385,0,1
3,2,98,9.293231,81.709229,0,0
3,6,91,9.441231,9.497847,0,0
3,2,99,9.308923,26.993538,0,0
3,3,103,9.268616,44.977848,0,1
3,0,88,9.359385,63.051998,0,1
3,1,95,9.230154,81.017227,0,0
4,4
3,4,102,9.823692,30.594461,1,3
3,3,104,9.243692,49.002155,0,1
3,1,96,9.329230,66.644310,0,0
3,5,100,9.234462,84.695999,0,1
3,0,89,9.776923,10.663692,0,1
3,1,97,9.300923,29.087076,0,0
3,5,101,9.349539,46.611385,0,1
3,3,105,9.238770,64.930771,0,1
3,6,92,9.330770,82.515694,0,0
3,4,103,9.803692,9.860308,0,3
3,1,98,9.311077,27.135693,0,0
3,2,100,9.266769,45.274769,0,0
3,6,93,9.378462,63.377846,0,0
3,0,90,9.205539,81.441536,0,1
3,5,102,9.387384,9.444000,0,1
3,0,91,9.301538,27.184616,0,1
3,4,104,9.346461,45.161846,0,3
3,1,99,9.234462,63.622154,0,0
3,6,94,9.295077,81.472618,0,0
3,3,106,9.441539,9.498154,0,1
3,1,100,9.316923,27.144615,0,0
3,4,105,9.262462,45.503693,0,3
4,0
3,0,92,9.254154,83.888000,1,2
3,6,95,9.448615,9.733539,0,0
3,0,93,9.276615,27.424616,0,2
3,1,101,9.295692,45.699078,0,0
3,5,103,9.317846,63.606770,0,1
3,4,106,9.205539,81.611694,0,3
3,2,101,9.387077,9.443692,0,0
3,1,102,9.238153,27.333538,0,0
3,0,94,9.389846,45.415386,0,2
3,3,107,9.262154,63.717232,0,1
3,6,96,9.290154,81.623695,0,0
3,5,104,9.393847,9.450154,0,1
3,2,102,9.365846,26.969231,0,0
3,6,97,9.265538,45.008923,0,0
3,3,108,9.324307,62.814770,0,1
3,4,107,9.245231,80.879692,0,3
3,1,103,9.387077,9.443692,0,0
3,5,105,9.240000,27.383385,0,1
3,4,108,9.346461,45.197540,0,3
3,3,109,9.275077,63.511383,0,1
3,0,95,9.288308,81.323692,0,2
3,2,103,9.396615,9.453231,0,0
3,6,98,9.308923,26.986769,0,0
3,3,110,9.271077,44.975693,0,1
3,0,96,9.354770,62.912922,0,2
3,4,109,9.227693,80.927689,0,3
3,1,104,9.387384,9.444000,0,0
4,5
3,5,106,9.281231,47.888924,1,2
3,4,110,9.306154,65.956924,0,3
3,2,104,9.210462,83.766769,0,0
3,6,99,9.434154,9.633538,0,0
3,0,97,9.331077,27.311384,0,2
3,2,105,9.433538,46.033230,0,0
3,4,111,9.349846,64.276306,0,3
3,5,107,9.221231,82.779076,0,2
3,1,104,9.471692,9.528308,0,0
3,2,106,9.289538,27.317846,0,0
3,6,100,9.317538,45.525230,0,0
3,0,98,9.210770,63.810768,0,2
3,4,112,9.328308,81.404305,0,3
3,5,108,9.441846,9.498462,0,2
3,3,111,9.336616,27.022461,0,1
3,2,107,9.237846,45.052616,0,0
3,4,113,9.328615,63.019386,0,3
4,0
3,0,99,9.444615,9.888616,0,3
3,5,109,9.308923,27.732000,0,2
3,6,101,9.272923,45.342770,0,0
3,4,114,9.253846,63.436306,0,3
3,2,108,9.230461,81.140923,0,0
3,1,105,9.433230,9.489846,0,0
3,2,109,9.300615,27.158154,0,0
3,0,100,9.274462,45.209846,0,3
3,5,110,9.288308,63.129845,0,2
3,3,112,9.267076,81.004311,0,1
3,6,102,9.433230,9.489846,0,0
3,2,110,9.298769,27.278154,0,0
3,1,106,9.279077,45.443386,0,0
3,0,101,9.282154,63.508308,0,3
3,5,111,9.272923,81.296616,0,2
3,3,113,9.433230,9.489846,0,1
3,5,112,9.300923,27.160923,0,2
3,4,115,9.270154,45.181232,0,3
3,2,111,9.288615,63.148617,0,0
3,6,103,9.266461,81.185844,0,0
3,1,107,9.433230,9.489846,0,0
3,3,114,9.299385,27.273846,0,1
3,2,112,9.281538,45.405231,0,0
3,6,104,9.281846,63.601540,0,0
3,0,102,9.273231,81.413231,0,3
3,5,113,9.433230,9.489846,0,2
3,2,113,9.300615,27.161539,0,0
3,6,105,9.271692,45.320614,0,0
3,1,108,9.291077,63.291386,0,0
3,3,115,9.267385,81.106461,0,1
3,4,116,9.843693,9.900308,0,3
3,1,109,9.299385,27.246769,0,0
3,2,114,9.282154,45.420921,0,0
3,6,106,9.275385,63.604309,0,0
3,0,103,9.272923,81.299385,0,3
3,3,116,9.432923,9.489538,0,1
3,0,104,9.301230,27.268309,0,3
3,2,115,9.272923,45.173538,0,0
3,5,114,9.288923,63.362770,0,2
3,1,110,9.267693,81.362152,0,0
3,4,117,9.848616,9.905231,0,3
3,6,107,9.299692,27.399385,0,0
3,2,116,9.281231,45.665848,0,0
3,5,115,9.281846,63.649540,0,2
3,3,117,9.275385,81.543999,0,1
3,1,111,9.435692,9.492308,0,0
3,2,117,9.308616,26.971693,0,0
3,5,116,9.272307,45.110767,0,2
3,6,108,9.288615,63.068924,0,0
3,3,118,9.264308,80.934151,0,1
3,4,118,9.834154,9.890769,0,3
3,2,118,9.298769,27.689846,0,0
4,1
3,1,112,9.219077,66.472305,1,1
3,0,105,9.329846,84.612617,0,3
3,5,117,3.045231,3.101538,0,2
3,2,119,9.156923,20.790770,0,0
3,1,113,9.280308,38.734154,0,1
3,0,106,9.220923,56.355999,0,3
3,3,119,9.232924,74.095383,0,1
3,4,119,9.241846,91.814156,0,3
3,2,120,9.265846,9.322461,0,0
3,0,107,9.312307,27.283384,0,3
3,4,120,9.311077,45.461845,0,3
3,5,117,9.699693,64.032921,0,2
3,3,120,9.235692,81.659081,0,1
4,1
3,1,114,9.559077,30.374153,1,2
3,4,121,9.228000,48.563999,0,3
3,6,109,9.347692,66.711388,0,1
3,5,118,9.203692,84.897842,0,2
4,3
3,3,121,9.427077,31.019384,1,2
3,4,122,9.235692,49.206154,0,3
3,2,121,9.322769,67.052612,0,0
3,5,119,9.204923,85.155388,0,2
4,0
3,0,108,9.410461,31.053230,1,4
3,6,110,9.237538,49.092617,0,1
3,4,123,9.384923,67.203079,0,3
3,5,120,9.224308,85.197845,0,2
3,1,115,2.990769,3.047385,0,2
3,5,121,9.126769,20.898153,0,2
3,6,111,9.363077,39.021847,0,1
3,2,122,9.247077,56.948616,0,0
3,0,109,9.289846,74.755692,0,4
3,4,124,9.202769,92.872002,0,3
3,6,112,9.283384,9.340000,0,1
3,4,125,9.238461,26.880308,0,3
3,2,123,9.367692,44.879692,0,0
3,3,122,9.249846,63.046768,0,3
3,5,122,9.288923,80.955383,0,2
3,1,115,9.436000,9.492616,0,2
3,4,126,9.305538,27.002462,0,3
3,3,123,9.282769,45.167385,0,3
3,2,124,9.332000,63.135693,0,0
3,6,113,9.205231,81.259689,0,1
3,5,123,9.425538,9.482154,0,2
3,3,124,9.230461,27.422462,0,3
3,0,110,9.367385,45.591694,0,4
3,1,116,9.248000,63.662155,0,2
3,6,114,9.285539,81.313843,0,1
4,4
3,4,127,9.930154,30.761538,1,4
3,1,117,9.266769,48.606461,0,2
3,3,125,9.286769,66.418770,0,3
3,5,124,9.198153,84.320305,0,2
3,2,125,9.469846,9.672308,0,0
3,6,115,9.230154,27.317846,0,1
3,3,126,9.312000,45.276001,0,3
3,1,118,9.240000,62.662460,0,2
3,5,125,9.243077,80.354156,0,2
4,0
3,0,111,9.564923,30.413231,1,5
3,5,126,9.204000,48.462769,0,2
3,6,116,9.297539,65.856613,0,1
3,2,126,9.245231,83.952309,0,0
3,1,119,9.408000,9.464616,0,2
3,3,127,9.259384,26.959078,0,3
3,0,112,9.323384,45.080002,0,5
3,2,127,9.285846,62.631077,0,0
3,4,128,9.246154,80.416306,0,4
3,5,127,9.433538,9.490154,0,2
3,3,128,9.265846,27.184000,0,3
3,2,128,9.321539,45.250153,0,0
3,1,120,9.273847,62.911999,0,2
3,4,129,9.184308,80.863998,0,4
3,0,113,9.481231,9.537847,0,5
3,1,121,9.220923,27.244923,0,2
3,2,129,9.316615,45.195694,0,0
3,4,130,9.283077,63.190769,0,4
3,3,129,9.231384,81.009232,0,3
3,6,117,9.487385,9.544000,0,1
3,3,130,9.264923,27.161846,0,3
3,1,122,9.318461,45.595692,0,2
3,0,114,9.277231,63.531078,0,5
3,4,131,9.185846,81.537849,0,4
3,2,130,9.480000,9.536615,0,0
4,6
3,6,118,9.210154,48.231075,1,2
3,3,131,9.313539,66.316307,0,3
3,1,123,9.250770,84.039383,0,2
3,0,115,9.457846,9.770769,0,5
3,6,119,9.338462,27.451385,0,2
3,3,132,9.294461,45.697845,0,3
3,1,124,9.228308,63.938770,0,2
3,4,132,9.186769,81.665848,0,4
3,2,131,9.471692,9.528308,0,0
3,6,120,9.268308,27.285231,0,2
3,0,116,9.356923,44.955078,0,5
3,5,128,9.211692,63.154770,0,2
3,3,133,9.231077,80.944000,0,3
3,4,133,9.887692,9.944307,0,4
3,1,125,9.292308,27.584309,0,2
3,2,132,9.262154,45.391075,0,0
3,3,134,9.314154,63.238461,0,3
3,5,129,9.188000,81.213844,0,2
4,0
3,0,117,9.465538,30.243692,1,6
3,6,121,9.327692,48.573845,0,2
3,1,126,9.237538,66.473541,0,2
3,5,130,9.185538,84.745537,0,2
3,4,134,10.191077,11.069846,0,4
3,5,131,9.305538,29.427692,0,2
3,3,135,9.338462,47.408924,0,3
3,6,122,9.205846,65.624001,0,2
3,2,133,9.290770,82.905846,0,0
3,1,127,9.424616,9.481231,0,2
3,5,132,9.300615,26.772923,0,2
3,3,136,9.309539,44.769230,0,3
3,6,123,9.269539,62.588306,0,2
3,4,135,9.243077,80.556618,0,4
3,0,118,9.425538,9.481846,0,6
3,6,124,9.257231,27.168922,0,2
3,5,133,9.355692,45.066460,0,2
3,2,134,9.220923,63.098152,0,0
3,4,136,9.237538,80.821228,0,4
4,1
3,1,128,9.511077,30.335077,1,3
3,4,137,9.310462,48.324306,0,4
3,3,137,9.220615,65.930153,0,3
3,2,135,9.233231,83.827690,0,0
3,6,125,9.418462,9.475077,0,2
3,4,138,9.296000,26.971077,0,4
3,1,129,9.293538,44.540615,0,3
3,5,134,9.189231,62.736923,0,2
3,3,138,9.194462,80.239388,0,3
4,0
3,0,119,9.553846,30.395693,1,7
3,3,139,9.323692,48.615078,0,3
3,6,126,9.270461,66.413536,0,2
3,2,136,9.181539,84.581848,0,0
3,1,130,9.463077,9.969539,0,3
3,6,127,9.304308,27.458155,0,2
3,4,139,9.292308,44.911076,0,4
3,5,135,9.198462,62.868309,0,2
3,0,120,9.242769,80.377846,0,7
3,3,140,9.416924,9.473538,0,3
3,5,136,9.309539,27.016001,0,2
3,0,121,9.307076,44.475693,0,7
3,2,137,9.271384,62.307693,0,0
3,6,128,9.240923,80.380310,0,2
3,4,140,9.829538,9.886154,0,4
3,0,122,9.273231,27.775078,0,7
3,5,137,9.355077,45.427078,0,2
3,1,131,9.214461,63.368923,0,3
3,6,129,9.231077,81.366158,0,2
3,2,138,9.482154,9.538769,0,0
3,4,141,9.292923,27.102154,0,4
3,6,130,9.261847,45.069847,0,2
3,0,123,9.313539,62.812923,0,7
3,1,132,9.188616,80.992920,0,3
3,3,141,9.471385,9.528000,0,3
3,0,124,9.266461,27.405539,0,7
3,4,142,9.303692,45.243385,0,4
3,6,131,9.268308,63.249229,0,2
3,5,138,9.229846,81.112305,0,2
3,2,139,9.479692,9.536307,0,0
3,6,132,9.291693,27.169231,0,2
3,4,143,9.262462,45.357231,0,4
3,1,133,9.312307,63.312614,0,3
3,0,125,9.195692,81.515381,0,7
3,5,139,9.471692,9.528308,0,2
3,2,140,9.268000,27.275692,0,0
3,6,133,9.358154,45.227386,0,2
3,4,144,9.210462,63.492310,0,4
3,1,134,9.229846,81.080307,0,3
3,0,126,9.479692,9.536307,0,7
3,4,145,9.291693,27.159384,0,4
3,2,141,9.264615,45.248306,0,0
4,6
3,6,134,9.232615,83.794151,1,3
3,5,140,9.531384,10.000308,0,2
3,6,135,9.235385,27.707384,0,3
3,1,135,9.233846,45.659077,0,3
3,2,142,9.286462,63.234463,0,0
3,3,142,9.196000,81.204308,0,3
3,0,127,9.526770,9.583076,0,7
3,6,136,9.360923,27.318462,0,3
3,1,136,9.344000,45.830154,0,3
3,2,143,9.309539,64.407074,0,0
3,5,141,9.229231,81.778152,0,2
3,3,143,9.458462,9.515077,0,3
3,1,137,9.277538,26.930462,0,3
4,2
3,2,144,9.271077,65.921234,1,1
3,5,142,9.294461,84.248619,0,2
3,4,146,9.866154,10.386461,0,4
3,2,145,9.231384,28.688616,0,1
3,3,144,9.380615,46.850769,0,3
3,0,128,9.247077,64.807076,0,7
3,6,137,9.236615,82.256310,0,3
3,1,138,9.449846,9.506461,0,3
3,4,147,9.285231,27.094154,0,4
3,2,146,9.291385,45.115692,0,1
3,0,129,9.335077,63.229229,0,7
3,3,145,9.249846,81.199997,0,3
3,6,138,9.142769,9.199077,0,3
3,0,130,9.260307,26.850153,0,7
3,5,143,9.336923,44.629230,0,2
3,4,148,9.291385,62.785847,0,4
3,3,146,9.297539,80.573235,0,3
3,2,147,9.450769,9.507384,0,1
3,4,149,9.280923,26.969231,0,4
3,1,139,9.291693,44.947384,0,3
3,3,147,9.336308,62.937538,0,3
3,6,139,9.251693,80.903999,0,3
3,0,131,9.396308,9.452923,0,7
3,3,148,9.249846,27.089846,0,3
3,1,140,9.319385,45.057232,0,3
3,5,144,9.299385,62.980923,0,2
4,4
3,4,150,9.797539,9.923693,0,5
3,0,131,9.706462,28.268000,0,7
3,3,149,9.372923,46.186153,0,3
3,5,145,9.236308,64.289536,0,2
3,1,141,9.236923,82.077232,0,3
3,6,140,9.402154,9.458769,0,3
3,5,146,9.314769,26.996307,0,2
3,2,148,9.282769,45.137848,0,1
3,1,142,9.288615,63.045231,0,3
3,0,132,9.191692,80.869537,0,7
3,3,150,9.395692,9.452308,0,3
3,2,149,9.231384,27.163076,0,1
3,4,151,9.357538,45.245846,0,5
3,1,143,9.259384,63.280308,0,3
3,6,141,9.237230,81.051079,0,3
3,0,133,9.402154,9.458462,0,7
3,2,150,9.314769,26.996614,0,1
3,6,142,9.282769,45.306152,0,3
3,3,151,9.290770,63.210155,0,3
3,5,147,9.189231,81.024925,0,2
3,4,152,9.805846,9.862461,0,5
3,2,151,9.231692,27.800308,0,1
3,0,134,9.360000,45.652924,0,7
3,5,148,9.260615,63.554153,0,2
3,3,152,9.236923,81.488617,0,3
3,1,144,9.401846,9.458462,0,3
3,3,153,9.314769,27.003693,0,3
3,4,153,9.283077,44.956924,0,5
3,2,152,9.348000,62.956001,0,1
3,6,143,9.200615,80.783997,0,3
3,0,135,9.377539,9.434154,0,7
3,4,154,9.279385,27.199385,0,5
3,6,144,9.326769,45.156307,0,3
3,2,153,9.304615,63.223999,0,1
3,3,154,9.246154,81.065536,0,3
3,5,149,9.402154,9.458769,0,2
3,4,154,10.201538,27.884615,0,5
3,2,154,9.281231,46.387386,0,1
3,1,145,9.348923,64.261848,0,3
3,3,155,9.203077,82.326157,0,3
3,6,145,9.393538,9.450154,0,3
3,1,146,9.231692,27.383385,0,3
3,4,155,9.360000,45.453232,0,5
3,3,156,9.261539,63.381538,0,3
3,2,155,9.236923,81.335999,0,1
3,5,150,9.400000,9.456307,0,2
3,2,156,9.314462,27.096001,0,1
3,4,156,9.280000,44.777847,0,5
3,0,136,9.348000,62.790462,0,7
3,6,146,9.203077,80.739693,0,3
3,3,157,9.393230,9.449846,0,3
3,0,137,9.231384,27.349846,0,7
3,4,157,9.357846,45.498463,0,5
3,5,151,9.261230,63.532307,0,2
3,1,147,9.236923,81.300308,0,3
3,2,157,9.402154,9.458462,0,1
3,4,158,9.312307,26.993538,0,5
3,3,158,9.283077,45.170460,0,3
3,5,152,9.348308,62.905846,0,2
3,1,148,9.203077,80.552612,0,3
3,0,138,9.377539,9.434154,0,7
3,1,149,9.281231,27.193846,0,3
3,2,158,9.325231,45.055077,0,1
3,5,153,9.304308,62.825848,0,2
3,3,159,9.245846,80.324921,0,3
3,6,147,9.399693,9.456000,0,3
3,5,154,9.313539,26.845846,0,2
3,0,139,9.282461,45.076309,0,7
3,3,160,9.345846,62.950153,0,3
3,1,150,9.203384,80.934151,0,3
3,4,159,9.808308,9.864923,0,5
3,2,159,9.231384,27.566154,0,1
3,6,148,9.360000,45.810768,0,3
3,1,151,9.258769,63.714767,0,3
3,0,140,9.236923,81.827690,0,7
3,5,155,9.399693,9.456307,0,2
3,3,161,9.314154,27.079693,0,3
3,1,152,9.282461,45.159077,0,3
3,6,149,9.348308,63.070770,0,3
3,2,160,9.206154,80.615074,0,1
3,4,160,9.800923,9.857538,0,5
3,6,150,9.231384,27.685230,0,3
3,3,162,9.357846,45.802769,0,3
3,1,153,9.258769,63.692616,0,3
3,0,141,9.237230,81.705849,0,7
3,2,161,9.402154,9.458462,0,1
3,0,142,9.316308,26.990461,0,7
3,1,154,9.280308,45.108307,0,3
3,4,161,9.289230,62.418461,0,5
3,5,156,9.189231,80.206154,0,2
3,3,163,9.393230,9.449846,0,3
3,2,162,9.231077,27.364307,0,1
3,1,155,9.360000,45.332306,0,3
3,6,151,9.260923,63.144924,0,3
3,4,162,9.236923,81.116615,0,5
3,5,157,9.399693,9.456000,0,2
3,1,156,9.316923,26.837231,0,3
3,2,163,9.282461,44.999386,0,1
3,0,143,9.348000,63.035999,0,7
3,4,163,9.200615,80.976616,0,5
3,3,164,9.393538,9.450154,0,3
3,6,152,9.231077,27.394154,0,3
3,0,144,9.357538,45.398460,0,7
3,4,164,9.256308,63.404922,0,5
3,5,158,9.237230,81.117233,0,2
3,1,157,9.402154,9.458769,0,3
3,2,164,9.315692,26.999693,0,1
3,5,159,9.281231,45.151386,0,2
3,6,153,9.348000,63.020309,0,3
3,0,145,9.204000,80.710152,0,7
3,3,165,9.393230,9.449846,0,3
3,6,154,9.227385,27.360001,0,3
3,5,160,9.361539,44.824001,0,2
3,1,158,9.261230,62.605846,0,3
3,4,165,9.235077,80.480309,0,5
3,2,165,9.399384,9.456000,0,1
3,1,159,9.326769,26.984615,0,3
3,4,166,9.281538,45.245537,0,5
3,3,166,9.348308,63.288307,0,3
3,6,155,9.203692,81.040924,0,3
3,5,161,9.395692,9.452308,0,2
3,6,156,9.232307,27.167692,0,3
3,0,146,9.357846,45.227386,0,7
3,3,167,9.260923,63.356617,0,3
3,4,167,9.236923,81.236618,0,5
3,1,160,9.399693,9.456307,0,3
3,5,162,9.314769,27.082153,0,2
3,0,147,9.283077,45.265846,0,7
3,6,157,9.348308,63.221848,0,3
3,2,166,9.203384,81.042152,0,1
3,3,168,9.393230,9.449846,0,3
3,1,161,9.231384,27.356308,0,3
3,0,148,9.358461,45.361847,0,7
3,5,163,9.261230,63.409847,0,2
3,2,167,9.239385,81.266464,0,1
3,6,158,9.399693,9.456307,0,3
3,5,164,9.314462,27.080616,0,2
3,3,169,9.282769,45.021847,0,3
3,1,162,9.348308,62.912617,0,3
3,0,149,9.203384,80.680000,0,7
3,4,168,9.800923,9.857538,0,5
3,5,165,9.231077,27.670155,0,2
3,3,170,9.360000,45.512615,0,3
3,0,150,9.262154,63.542152,0,7
3,2,168,9.237846,81.568306,0,1
3,6,159,9.399693,9.456307,0,3
3,1,163,9.314462,27.076000,0,3
3,0,151,9.282769,44.882771,0,7
3,4,169,9.345846,62.777229,0,5
3,3,171,9.203077,80.926765,0,3
3,2,169,9.395692,9.452308,0,1
3,6,160,9.227385,27.175385,0,3
3,5,166,9.358154,45.196308,0,2
3,0,152,9.260615,63.186153,0,7
3,1,164,9.236615,81.164307,0,3
3,3,172,9.399693,9.456307,0,3
3,5,167,9.314769,27.078154,0,2
3,1,165,9.280000,45.132000,0,3
3,4,170,9.345538,63.041847,0,5
3,0,153,9.203384,81.086464,0,7
3,6,161,9.395692,9.452308,0,3
3,1,166,9.231077,27.171692,0,3
4,3
3,3,173,9.273539,65.782768,1,4
3,5,168,9.230461,83.843689,0,2
3,2,170,9.417846,9.664616,0,1
3,5,169,9.273539,27.298462,0,2
3,0,154,9.349539,45.467075,0,7
3,1,167,9.263692,63.462463,0,3
3,3,174,9.287077,81.543999,0,4
3,4,171,9.783384,9.840000,0,5
3,6,162,9.315692,27.102770,0,3
3,0,155,9.282769,45.175076,0,7
3,3,175,9.373231,63.048923,0,4
3,5,170,9.203384,80.887695,0,2
3,2,171,9.384923,9.441539,0,1
3,1,168,9.232000,27.173538,0,3
3,3,176,9.358154,44.985847,0,4
3,0,156,9.288615,63.093540,0,7
3,5,171,9.238153,80.981232,0,2
3,4,172,9.806461,9.863077,0,5
3,5,172,9.313231,27.391693,0,2
3,3,176,9.759384,46.064617,0,4
3,0,157,9.376923,64.063690,0,7
3,1,169,9.201846,81.906769,0,3
3,2,172,9.384923,9.441539,0,1
3,6,163,9.229539,27.184000,0,3
3,4,173,9.360308,44.896309,0,5
3,3,177,9.288308,62.471691,0,4
3,1,170,9.236615,80.485535,0,3
3,0,158,9.393847,9.450461,0,7
3,1,171,9.313231,26.989538,0,3
3,4,174,9.280000,45.152924,0,5
3,3,178,9.372923,63.137539,0,4
3,5,173,9.200923,81.124924,0,2
3,2,173,9.385231,9.441846,0,1
3,1,172,9.233231,27.324308,0,3
3,6,164,9.360308,45.216923,0,3
3,5,174,9.288615,62.887691,0,2
3,4,175,9.234769,81.015381,0,5
3,3,179,9.391385,9.448000,0,4
3,2,174,9.315385,27.093231,0,1
3,4,176,9.280616,45.294769,0,5
4,5
3,5,175,9.179692,83.706154,1,3
3,1,173,9.455077,9.785846,0,3
3,6,165,9.270461,27.458769,0,3
3,5,176,9.326154,45.460617,0,3
3,3,180,9.281538,63.278152,0,4
3,4,177,9.186769,81.496925,0,5
3,0,159,9.371385,9.427692,0,7
4,3
3,3,181,9.293846,48.102154,1,5
3,6,166,9.243692,66.400307,0,3
3,5,177,9.338462,84.008926,0,3
3,1,174,9.808923,10.775077,0,3
3,4,178,9.353847,29.241846,0,5
3,6,167,9.421230,48.024307,0,3
3,3,182,9.299385,66.062767,0,5
3,0,160,9.289538,84.229233,0,7
3,5,178,9.781538,10.312000,0,3
3,3,183,9.347692,28.542461,0,5
3,0,161,9.353847,46.920921,0,7
3,1,175,9.335692,65.011696,0,3
3,2,175,9.251693,83.073845,0,1
3,6,168,9.377539,9.434154,0,3
3,2,176,9.312923,27.326462,0,1
3,3,184,9.388616,45.651386,0,5
3,0,162,9.299077,63.850155,0,7
3,1,176,9.289230,81.704926,0,3
3,5,179,9.395692,9.452308,0,3
3,6,169,9.342154,27.341230,0,3
3,1,177,9.364923,45.426769,0,3
3,4,179,9.327692,63.826771,0,5
3,0,163,9.264308,81.704308,0,7
3,2,177,9.397846,9.454461,0,1
3,3,185,9.312000,27.560923,0,5
3,0,164,9.381538,45.371693,0,7
3,5,180,9.289538,63.436615,0,3
3,6,170,9.261847,81.757843,0,3
3,4,180,9.810462,9.867077,0,5
4,2
3,2,178,9.211077,48.244308,1,2
3,5,181,9.385538,66.512619,0,3
3,3,186,9.322461,84.761848,0,5
3,6,171,2.891385,2.948000,0,3
3,5,182,9.244000,21.037539,0,3
3,1,178,9.252923,38.475079,0,3
3,0,165,9.251693,56.499386,0,7
3,4,181,9.238153,74.479691,0,5
3,3,187,9.249230,92.241844,0,5
3,2,179,9.296616,9.353230,0,3
3,4,182,9.338462,27.086462,0,5
3,3,188,9.401231,45.451077,0,5
3,1,179,9.290154,63.195694,0,3
3,6,171,9.792308,81.838768,0,3
3,0,166,9.369231,9.425846,0,7
4,1
3,1,180,9.195692,48.056923,1,4
3,2,180,9.375692,66.248619,0,3
3,5,183,9.344308,84.706154,0,3
3,3,189,9.740923,10.602769,0,5
3,6,172,9.430462,28.618155,0,3
3,2,181,9.331693,46.513847,0,3
3,1,181,9.316923,64.952309,0,4
3,0,167,9.250462,82.944618,0,7
3,5,184,9.368923,9.424923,0,3
3,4,183,9.288000,27.156307,0,5
3,0,168,9.429539,45.194153,0,7
3,2,182,9.302770,63.249847,0,3
3,3,190,9.316923,81.497849,0,5
3,6,173,9.368923,9.425231,0,3
3,2,183,9.356000,27.168922,0,3
3,0,169,9.360923,45.403385,0,7
3,3,191,9.370770,63.391998,0,5
3,4,184,9.250462,81.508308,0,5
3,1,182,9.368923,9.425538,0,4
3,2,184,9.290462,27.258154,0,3
3,4,185,9.427077,45.448921,0,5
3,3,192,9.304308,63.599384,0,5
3,0,170,9.316923,81.709541,0,7
3,6,174,9.369231,9.425231,0,3
3,2,185,9.357846,27.169538,0,3
3,0,171,9.360923,45.556923,0,7
3,3,193,9.368923,63.612000,0,5
3,4,186,9.250462,81.878151,0,5
3,5,185,9.369231,9.425846,0,3
3,0,172,9.288000,27.244616,0,7
3,4,187,9.425846,45.269539,0,5
3,3,194,9.304923,63.400307,0,5
3,6,175,9.319385,81.231689,0,3
3,1,183,9.368615,9.424923,0,4
3,5,186,9.354154,27.299999,0,3
3,0,173,9.360923,45.586155,0,7
3,4,188,9.366769,63.638771,0,5
3,3,195,9.250154,81.868919,0,5
3,2,186,9.368923,9.425538,0,3
3,6,176,9.288308,27.259384,0,3
3,0,174,9.426769,45.671078,0,7
3,5,187,9.304000,63.707077,0,3
3,4,189,9.317231,81.730461,0,5
3,3,196,9.368615,9.424923,0,5
3,5,188,9.356923,27.306461,0,3
3,6,177,9.359076,45.532307,0,3
3,1,184,9.371077,63.565845,0,4
3,2,187,9.252923,81.638458,0,3
3,4,190,9.891077,9.947692,0,5
3,1,185,9.291077,27.566154,0,4
3,6,178,9.428000,45.875999,0,3
3,2,188,9.304000,63.744308,0,3
3,3,197,9.319077,81.897232,0,5
3,0,175,9.371077,9.427384,0,7
3,4,191,9.354154,27.173231,0,5
3,5,189,9.359076,45.480309,0,3
3,3,198,9.368615,63.349232,0,5
3,1,186,9.250462,81.604614,0,4
3,2,189,9.368615,9.425231,0,3
3,6,179,9.341230,27.132000,0,3
3,3,199,9.372616,45.216923,0,5
3,5,190,9.288000,63.327694,0,3
3,0,176,9.319385,81.159691,0,7
3,1,187,9.368615,9.424923,0,4
3,4,192,9.355385,27.301231,0,5
3,2,190,9.360923,45.499386,0,3
3,0,177,9.371077,63.559078,0,7
3,5,191,9.250154,81.556305,0,3
3,6,180,9.368923,9.425538,0,3
3,5,192,9.288308,27.263384,0,3
3,1,188,9.426769,45.522461,0,4
3,2,191,9.304000,63.500000,0,3
3,3,200,9.251693,81.510773,0,5
3,0,178,9.371385,9.428000,0,7
3,4,193,9.300307,26.682154,0,5
3,1,189,9.413846,44.798462,0,4
3,6,181,9.318153,62.897537,0,3
3,2,192,9.304308,81.464310,0,3
3,3,201,9.368923,9.425538,0,5
3,1,190,9.341846,27.477539,0,4
3,0,179,9.372308,45.802460,0,7
3,5,193,9.290154,63.678154,0,3
3,6,182,9.251385,81.608307,0,3
3,2,193,9.380615,9.437231,0,3
3,1,191,9.312307,27.272308,0,4
3,3,202,9.390154,45.457848,0,5
3,6,183,9.316615,63.297848,0,3
3,4,194,9.236308,81.658157,0,5
3,0,180,9.371385,9.428000,0,7
3,3,203,9.340615,26.996614,0,5
3,5,194,9.373231,45.157845,0,3
3,6,184,9.291385,63.202152,0,3
3,4,195,9.251693,81.161842,0,5
3,2,194,9.371385,9.427692,0,3
3,5,195,9.311692,27.248922,0,3
3,6,185,9.391385,45.666153,0,3
3,4,196,9.313539,63.714462,0,5
3,1,192,9.239077,82.091385,0,4
3,3,204,9.371385,9.428000,0,5
3,0,181,9.344615,26.996614,0,7
4,6
3,6,186,9.261847,65.764618,1,4
3,4,197,9.300923,84.126465,0,5
3,1,193,9.484923,9.796616,0,4
4,3
3,3,205,9.234462,48.503693,1,6
3,2,195,9.320000,66.625847,0,3
3,0,182,9.284000,84.734154,0,7
3,4,198,10.180615,11.038462,0,5
3,5,196,9.402769,29.513231,0,3
3,1,194,9.302154,47.879078,0,4
3,3,206,9.332308,65.755692,0,6
3,2,196,9.251385,83.515694,0,3
3,0,183,9.414154,9.470769,0,7
3,2,197,9.390462,27.386768,0,3
3,3,207,9.314769,45.501846,0,6
3,5,197,9.318461,63.700001,0,3
3,1,195,9.264308,81.005844,0,4
3,4,199,9.828615,9.885231,0,5
3,0,184,9.366769,27.816000,0,7
3,1,196,9.308000,46.104923,0,4
3,5,198,9.357846,63.982460,0,3
3,3,208,9.252000,82.109848,0,6
3,2,198,9.413539,9.470154,0,3
3,3,209,9.353539,27.157539,0,6
3,6,187,9.389539,45.602154,0,4
3,0,185,9.292308,63.532001,0,7
3,4,200,9.252308,81.341537,0,5
3,5,199,9.416000,9.472615,0,3
4,6
3,6,188,9.188923,47.532925,1,5
3,0,186,9.308616,65.896309,0,7
3,1,197,9.384000,83.688004,0,4
3,3,210,9.369538,9.442154,0,6
4,1
3,1,198,9.224000,47.995384,1,5
3,2,199,9.287692,66.331696,0,3
3,5,200,9.312000,84.599075,0,3
3,6,189,9.774769,10.212615,0,5
3,3,211,9.369846,28.441231,0,6
3,1,199,9.308000,46.728306,0,5
3,0,187,9.342770,64.417847,0,7
3,4,201,9.249230,82.484619,0,5
3,5,201,9.413539,9.470154,0,3
4,6
3,6,190,9.210770,47.806152,1,6
3,2,200,9.364000,66.036308,0,3
3,4,202,9.345538,83.733849,0,5
3,3,212,9.371693,9.712000,0,6
3,5,202,9.428923,27.635693,0,3
3,1,200,9.332000,45.692616,0,5
3,0,188,9.252000,63.889233,0,7
3,4,203,9.304308,81.937843,0,5
3,2,201,9.371385,9.428000,0,3
3,4,204,9.340000,26.987692,0,5
3,0,189,9.372616,44.680614,0,7
3,6,191,9.289846,62.794769,0,6
3,5,203,9.249846,81.043999,0,3
3,3,213,9.371385,9.428000,0,6
3,2,202,9.314462,26.874153,0,3
3,4,205,9.388000,45.185539,0,5
3,5,204,9.316000,63.259075,0,3
3,6,192,9.238770,81.504616,0,6
3,1,201,9.368923,9.425538,0,5
3,3,214,9.342154,27.492001,0,6
3,5,205,9.372923,45.213844,0,3
3,4,206,9.290154,63.505539,0,5
3,0,190,9.253538,81.300926,0,7
3,6,193,9.371385,9.428000,0,6
3,2,203,9.312307,26.873846,0,3
3,4,207,9.388923,45.130154,0,5
3,0,191,9.316308,62.960922,0,7
3,1,202,9.239077,81.200310,0,5
3,5,206,9.368923,9.425538,0,3
3,0,192,9.342462,27.488615,0,7
3,4,208,9.370461,45.702461,0,5
3,2,204,9.291077,63.854462,0,3
3,3,215,9.254154,81.758766,0,6
3,6,194,9.368923,9.425538,0,6
3,4,209,9.309539,27.357538,0,5
3,5,207,9.393230,45.551693,0,3
3,1,203,9.316000,63.472000,0,5
3,2,205,9.239077,81.463692,0,3
3,0,193,9.371385,9.428000,0,7
3,2,206,9.342462,26.996923,0,3
3,5,208,9.375077,45.189232,0,3
4,3
3,3,216,9.216000,84.048615,1,7
3,1,204,9.440308,9.936000,0,5
3,3,217,9.389539,27.574461,0,7
3,6,195,9.320923,45.563694,0,6
3,4,210,9.251693,63.647076,0,5
3,0,194,9.238461,81.450157,0,7
3,2,207,9.368923,9.425538,0,3
3,0,195,9.293231,27.528307,0,7
3,6,196,9.365539,45.636307,0,6
3,3,218,9.316615,63.626461,0,7
3,5,209,9.249846,81.868309,0,3
3,1,205,9.368615,9.425231,0,5
3,2,208,9.352000,27.239384,0,3
3,0,196,9.322154,45.170155,0,7
3,3,219,9.319385,63.251385,0,7
3,5,210,9.238770,81.296616,0,3
3,4,211,9.776615,9.832923,0,5
3,5,211,9.295077,27.844000,0,3
3,2,208,9.845846,46.368309,0,3
3,3,220,9.318769,64.582771,0,7
5,1464,1796